# A POS tag dictionary that's used as an addition (or as a fix) to catalan.dict
# These words are candidates to be added (or fixed) in catalan.dict in the future
# File Encoding: UTF-8
# Format: fullform baseform postags (tab separated)
########## Dictionary fixes ##########
########## Additions ##########
AN	AN	NCCN000
ANECA	ANECA	NPFSO00
ATP	ATP	NCCN000
Albiach	Albiach	NPCNSP0
Azurmendi	Azurmendi	NPCNSP0
BDS	BDS	NPCNO00
Baumgartner	Baumgartner	NPCNSP0
Berria	Berria	NPMSO00
Bildu	Bildu	NPCSO00
Bolufer	Bolufer	NPCNSP0
Bradley	Bradley	NPCNSP0
CEACS	CEACS	NPMSO00
Caballero	Caballero	NPCNSP0
Carrizosa	Carrizosa	NPCNSP0
Castillejos	Castillejos	NPMPG00
Celan	Celan	NPCNSP0
Cherubini	Cherubini	NPCNSP0
Comanegra	Comanegra	NPCNSP0
Comintern	Comintern	NPMSO00
Costner	Costner	NPCNSP0
Cotino	Cotino	NPCNSP0
DOOH	DOOH	NCFS000
DSFF	DSFF	NPMSO00
Dior	Dior	NPCNSP0
Dohnányi	Dohnányi	NPCNSP0
Dortmund-Ems	Dortmund-Ems	NPMSG00
EMT	EMT	NPCNO00
Edigsa	Edigsa	NPFSO00
EiTB	EiTB	NPFSO00
Esclafamuntanyes	Esclafamuntanyes	NPMSSP0
Etxepare	Etxepare	NPCNSP0
F-16	F-16	NPMNO00
F-35	F-35	NPMNO00
FOMO	FOMO	NCCN000
Femen	Femen	NPFPO00
GNV	GNV	NPFSO00
GP	GP	NCMN000
GRAPO	GRAPO	NPMPO00
Galuppi	Galuppi	NPCNSP0
Gubaidúlina	Gubaidúlina	NPCNSP0
Hindemith	Hindemith	NPCNSP0
Holodomor	Holodomor	NPMSO00
Hosbec	Hosbec	NPFSO00
Ibárruri	Ibárruri	NPCNSP0
Juaristi	Juaristi	NPCNSP0
Kate	Kate	NPFSSP0
Kelly	Kelly	NPCNSP0
Knicks	Knicks	NPMPO00
Kutxa	Kutxa	NPFSO00
Lemaître	Lemaître	NPCNSP0
Lichtenberg	Lichtenberg	NPCNSP0
MAT	MAT	NCFS000
Magritte	Magritte	NPCNSP0
Maillard	Maillard	NPCNSP0
Mankiewicz	Mankiewicz	NPCNSP0
Marinetti	Marinetti	NPCNSP0
Martini	Martini	NPMNO00
Martinů	Martinů	NPCNSP0
Medemblik	Medemblik	NPCSG00
Mercadante	Mercadante	NPCNSP0
Merkava	Merkava	NPMNO00
Mirabeau	Mirabeau	NPCNSP0
Motown	Motown	NPCNO00
NMT	NMT	NCMN000
Neeskens	Neeskens	NPCNSP0
Neom	Neom	NPCSG00
Nolotil	Nolotil	NPMSO00
Olympiacos	Olympiacos	NPMSO00
Otxandiano	Otxandiano	NPCNSP0
PACMA	PACMA	NPMSO00
PCCD	PCCD	NPFSO00
PDI	PDI	NCCN000
PEPLI	PEPLI	NPMNO00
PTGAS	PTGAS	NCMS000
Passionària	Passionària	NPFSSP0
Pastrana	Pastrana	NPCNSP0
Pastrana	Pastrana	NPCSG00
Piłsudski	Piłsudski	NPCNSP0
Renan	Renan	NPCNSP0
SIP	SIP	NCCN000
Schéhérazade	Schéhérazade	NPCSSP0
Sobieski	Sobieski	NPCNSP0
Somalilàndia	Somalilàndia	NPFSG00
Sortu	Sortu	NPCSO00
Springer	Springer	NPCNSP0
Springfield	Springfield	NPCNSP0
Subirós	Subirós	NPCNSP0
Tet	Tet	NPCSG00
Titaina	Titaina	NPFSSP0
Troiacord	Troiacord	NPMSO00
Trullàs	Trullàs	NPCNSP0
UC3M	UC3M	NPFSO00
UCO	UCO	NPFSO00
Vanderbilt	Vanderbilt	NPCNSP0
WASP	WASP	AQ0CN0
WLAN	WLAN	NCFN000
Widmann	Widmann	NPCNSP0
Williamsburg	Williamsburg	NPCSG00
Wingfield	Wingfield	NPCNSP0
abrocòmid	abrocòmid	NCMS000
abrocòmids	abrocòmid	NCMP000
acrobàtid	acrobàtid	NCMS000
acrobàtids	acrobàtid	NCMP000
afrosorícida	afrosorícida	NCMS000
afrosorícides	afrosorícida	NCMP000
agradament	agradament	NCMS000
agradaments	agradament	NCMP000
ailúrid	ailúrid	NCMS000
ailúrids	ailúrid	NCMP000
ajuntalletres	ajuntalletres	NCCN000
alacantinització	alacantinització	NCFS000
alcipeid	alcipeid	NCMS000
alcipeids	alcipeid	NCMP000
anglosaxonitzacions	anglosaxonització	NCFP000
anglosaxonització	anglosaxonització	NCFS000
antiart	antiart	NCMS000
antibasc	antibasc	AQ0MS0
antibasca	antibasc	AQ0FS0
antibascos	antibasc	AQ0MP0
antibascs	antibasc	AQ0MP0
antibasques	antibasc	AQ0FP0
anticonvencionalisme	anticonvencionalisme	NCMS000
anticonvencionalismes	anticonvencionalisme	NCMP000
antiestatutari	antiestatutari	AQ0MS0
antiestatutaris	antiestatutari	AQ0MP0
antiestatutària	antiestatutari	AQ0FS0
antiestatutàries	antiestatutari	AQ0FP0
antiiraniana	antiiranià	AQ0FS0
antiiranianes	antiiranià	AQ0FP0
antiiranians	antiiranià	AQ0MP0
antiiranià	antiiranià	AQ0MS0
antipluralista	antipluralista	AQ0CS0
antipluralistes	antipluralista	AQ0CP0
antisaudita	antisaudita	AQ0CS0
antisaudites	antisaudita	AQ0CP0
antitradicionalista	antitradicionalista	AQ0CS0
antitradicionalistes	antitradicionalista	AQ0CP0
antiwoke	antiwoke	AQ0CN0
apartadet	apartadet	NCMS000
apartadets	apartadet	NCMP000
arqueolemúrid	arqueolemúrid	NCMS000
arqueolemúrids	arqueolemúrid	NCMP000
astaxantina	astaxantina	NCFS000
astroturfing	astroturfing	NCMS000
atèlid	atèlid	NCMS000
atèlids	atèlid	NCMP000
autocentrada	autocentrat	AQ0FS0
autocentrades	autocentrat	AQ0FP0
autocentrament	autocentrament	NCMS000
autocentraments	autocentrament	NCMP000
autocentrat	autocentrat	AQ0MS0
autocentrats	autocentrat	AQ0MP0
autocolonitzacions	autocolonització	NCFP000
autocolonització	autocolonització	NCFS000
autodenigracions	autodenigració	NCFP000
autodenigració	autodenigració	NCFS000
autodesconeixement	autodesconeixement	NCMS000
autodesconeixements	autodesconeixement	NCMP000
autohidratacions	autohidratació	NCFP000
autohidratació	autohidratació	NCFS000
aòtid	aòtid	NCMS000
aòtids	aòtid	NCMP000
barcelonocèntric	barcelonocèntric	AQ0MS0
barcelonocèntrica	barcelonocèntric	AQ0FS0
barcelonocèntrics	barcelonocèntric	AQ0MP0
barcelonocèntriques	barcelonocèntric	AQ0FP0
batièrgid	batièrgid	NCMS000
batièrgids	batièrgid	NCMP000
belvedere	belvedere	NCMS000
belvederes	belvedere	NCMP000
biosacàrid	biosacàrid	NCMS000
biosacàrids	biosacàrid	NCMP000
borratxíssim	borratxíssim	AQAMS0
borratxíssima	borratxíssim	AQAFS0
borratxíssimes	borratxíssim	AQAFP0
borratxíssims	borratxíssim	AQAMP0
brasilerització	brasilerització	NCFS000
burràmid	burràmid	NCMS000
burràmids	burràmid	NCMP000
calomíscid	calomíscid	NCMS000
calomíscids	calomíscid	NCMP000
caluta	caluta	NCMS000
calutes	caluta	NCMP000
cal·litríquid	cal·litríquid	NCMS000
cal·litríquids	cal·litríquid	NCMP000
canadenco-estatunidenc	canadenco-estatunidenc	AQ0MS0
canadenco-estatunidenca	canadenco-estatunidenc	AQ0FS0
canadenco-estatunidencs	canadenco-estatunidenc	AQ0MP0
canadenco-estatunidenques	canadenco-estatunidenc	AQ0FP0
catalano-americana	catalano-americà	AQ0FS0
catalano-americanes	catalano-americà	AQ0FP0
catalano-americans	catalano-americà	AQ0MP0
catalano-americà	catalano-americà	AQ0MS0
catalanoamericana	catalanoamericà	AQ0FS0
catalanoamericanes	catalanoamericà	AQ0FP0
catalanoamericans	catalanoamericà	AQ0MP0
catalanoamericà	catalanoamericà	AQ0MS0
catalanoestatunidenc	catalanoestatunidenc	AQ0MS0
catalanoestatunidenca	catalanoestatunidenc	AQ0FS0
catalanoestatunidencs	catalanoestatunidenc	AQ0MP0
catalanoestatunidenques	catalanoestatunidenc	AQ0FP0
catalanor	catalanor	NCFS000
catalanors	catalanor	NCFP000
cenolèstid	cenolèstid	NCMS000
cenolèstids	cenolèstid	NCMP000
cetartiodàctil	cetartiodàctil	NCMS000
cetartiodàctils	cetartiodàctil	NCMP000
chopiniana	chopinià	AQ0FS0
chopinianes	chopinià	AQ0FP0
chopinians	chopinià	AQ0MP0
chopinià	chopinià	AQ0MS0
ciclopèdid	ciclopèdid	NCMS000
ciclopèdids	ciclopèdid	NCMP000
cingulat	cingulat	NCMS000
cingulats	cingulat	NCMP000
cistúgid	cistúgid	NCMS000
cistúgids	cistúgid	NCMP000
clamifòrid	clamifòrid	NCMS000
clamifòrids	clamifòrid	NCMP000
clica-i-recull	clica-i-recull	NCMS000
codesenvolupador	codesenvolupador	NCMS000
codesenvolupadora	codesenvolupador	NCFS000
codesenvolupadores	codesenvolupador	NCFP000
codesenvolupadors	codesenvolupador	NCMP000
colonialitat	colonialitat	NCFS000
colonialitats	colonialitat	NCFP000
contraestatutari	contraestatutari	AQ0MS0
contraestatutaris	contraestatutari	AQ0MP0
contraestatutària	contraestatutari	AQ0FS0
contraestatutàries	contraestatutari	AQ0FP0
cositons	cositó	NCMP000
cositó	cositó	NCMS000
cosmetòleg	cosmetòleg	NCMS000
cosmetòlegs	cosmetòleg	NCMP000
cosmetòloga	cosmetòleg	NCFS000
cosmetòlogues	cosmetòleg	NCFP000
cosmocràcia	cosmocràcia	NCFS000
cosmocràcies	cosmocràcia	NCFP000
cosmoquímica	cosmoquímica	NCFS000
cosmoquímiques	cosmoquímica	NCFP000
craniectomia	craniectomia	NCFS000
craniectomies	craniectomia	NCFP000
craniografia	craniografia	NCFS000
craniografies	craniografia	NCFP000
craniogràfic	craniogràfic	AQ0MS0
craniogràfica	craniogràfic	AQ0FS0
craniogràfics	craniogràfic	AQ0MP0
craniogràfiques	craniogràfic	AQ0FP0
craniologia	craniologia	NCFS000
craniologies	craniologia	NCFP000
craniològic	craniològic	AQ0MS0
craniològica	craniològic	AQ0FS0
craniològics	craniològic	AQ0MP0
craniològiques	craniològic	AQ0FP0
craseonictèrid	craseonictèrid	NCMS000
craseonictèrids	craseonictèrid	NCMP000
crateriforme	crateriforme	AQ0CS0
crateriformes	crateriforme	AQ0CP0
criaturesc	criaturesc	AQ0MS0
criaturesca	criaturesc	AQ0FS0
criaturescos	criaturesc	AQ0MP0
criaturescs	criaturesc	AQ0MP0
criaturesques	criaturesc	AQ0FP0
crisoclòrid	crisoclòrid	NCMS000
crisoclòrids	crisoclòrid	NCMP000
cromatoscopi	cromatoscopi	NCMS000
cromatoscopis	cromatoscopi	NCMP000
cromatoscòpia	cromatoscòpia	NCFS000
cromatoscòpies	cromatoscòpia	NCFP000
ctenodactílid	ctenodactílid	NCMS000
ctenodactílids	ctenodactílid	NCMP000
ctenòmid	ctenòmid	NCMS000
ctenòmids	ctenòmid	NCMP000
cunicúlid	cunicúlid	NCMS000
cunicúlids	cunicúlid	NCMP000
dasiüromorf	dasiüromorf	NCMS000
dasiüromorfs	dasiüromorf	NCMP000
debatible	debatible	AQ0CS0
debatibles	debatible	AQ0CP0
defecador	defecador	AQ0MS0
defecadora	defecador	AQ0FS0
defecadores	defecador	AQ0FP0
defecadors	defecador	AQ0MP0
defecatiu	defecatiu	AQ0MS0
defecatius	defecatiu	AQ0MP0
defecativa	defecatiu	AQ0FS0
defecatives	defecatiu	AQ0FP0
defendible	defendible	AQ0CS0
defendibles	defendible	AQ0CP0
deforer	deforer	AQ0MS0
deforer	deforer	NCMS000
deforera	deforer	AQ0FS0
deforera	deforer	NCFS000
deforeres	deforer	AQ0FP0
deforeres	deforer	NCFP000
deforers	deforer	AQ0MP0
deforers	deforer	NCMP000
desbloquejable	desbloquejable	AQ0CS0
desbloquejables	desbloquejable	AQ0CP0
descolonial	descolonial	AQ0CS0
descolonials	descolonial	AQ0CP0
desjuriditzacions	desjuridització	NCFP000
desjuridització	desjuridització	NCFS000
dessalacions	dessalació	NCFP000
dessalació	dessalació	NCFS000
dessalador	dessalador	AQ0MS0
dessaladora	dessalador	AQ0FS0
dessaladores	dessalador	AQ0FP0
dessaladors	dessalador	AQ0MP0
diatòmid	diatòmid	NCMS000
diatòmids	diatòmid	NCMP000
didelfimorf	didelfimorf	NCMS000
didelfimorfs	didelfimorf	NCMP000
digiscoping	digiscoping	NCMS000
dinòmid	dinòmid	NCMS000
dinòmids	dinòmid	NCMP000
diprotodont	diprotodont	NCMS000
diprotodonts	diprotodont	NCMP000
démodé	démodé	AQ0MS0
démodée	démodé	AQ0FS0
démodées	démodé	AQ0FP0
démodés	démodé	AQ0MP0
dòxing	dòxing	NCMS000
embal·lonúrid	embal·lonúrid	NCMS000
embal·lonúrids	embal·lonúrid	NCMP000
endoclític	endoclític	NCMS000
endoclítics	endoclític	NCMP000
equímid	equímid	NCMS000
equímids	equímid	NCMP000
eretizòntid	eretizòntid	NCMS000
eretizòntids	eretizòntid	NCMP000
escadentis	escadentis	NCMN000
esmíntid	esmíntid	NCMS000
esmíntids	esmíntid	NCMP000
eulipotifles	eulipotifles	NCMN000
euplèrid	euplèrid	NCMS000
euplèrids	euplèrid	NCMP000
eutanasia	eutanasiar	VMIP3S00
eutanasia	eutanasiar	VMM02S00
eutanasiada	eutanasiar	VMP00SF0
eutanasiades	eutanasiar	VMP00PF0
eutanasiam	eutanasiar	VMIP1P0B
eutanasiant	eutanasiar	VMG00000
eutanasiar	eutanasiar	VMN00000
eutanasiara	eutanasiar	VMSI1S03
eutanasiara	eutanasiar	VMSI3S03
eutanasiaran	eutanasiar	VMIF3P00
eutanasiarem	eutanasiar	VMIF1P00
eutanasiaren	eutanasiar	VMIS3P00
eutanasiaren	eutanasiar	VMSI3P03
eutanasiares	eutanasiar	VMIS2S00
eutanasiares	eutanasiar	VMSI2S03
eutanasiareu	eutanasiar	VMIF2P00
eutanasiaria	eutanasiar	VMIC1S00
eutanasiaria	eutanasiar	VMIC3S00
eutanasiarien	eutanasiar	VMIC3P00
eutanasiaries	eutanasiar	VMIC2S00
eutanasiarà	eutanasiar	VMIF3S00
eutanasiaràs	eutanasiar	VMIF2S00
eutanasiaré	eutanasiar	VMIF1S00
eutanasiaríem	eutanasiar	VMIC1P00
eutanasiaríeu	eutanasiar	VMIC2P00
eutanasiassen	eutanasiar	VMSI3P06
eutanasiasses	eutanasiar	VMSI2S06
eutanasiassin	eutanasiar	VMSI3P04
eutanasiassis	eutanasiar	VMSI2S04
eutanasiat	eutanasiar	VMP00SM0
eutanasiats	eutanasiar	VMP00PM0
eutanasiau	eutanasiar	VMIP2P0B
eutanasiau	eutanasiar	VMM02P0B
eutanasiava	eutanasiar	VMII1S00
eutanasiava	eutanasiar	VMII3S00
eutanasiaven	eutanasiar	VMII3P00
eutanasiaves	eutanasiar	VMII2S00
eutanasie	eutanasiar	VMIP1S0V
eutanasie	eutanasiar	VMM03S0V
eutanasie	eutanasiar	VMSP1S0V
eutanasie	eutanasiar	VMSP3S0V
eutanasiem	eutanasiar	VMIP1P00
eutanasiem	eutanasiar	VMM01P00
eutanasiem	eutanasiar	VMSP1P00
eutanasien	eutanasiar	VMIP3P00
eutanasien	eutanasiar	VMM03P0V
eutanasien	eutanasiar	VMSP3P0V
eutanasies	eutanasiar	VMIP2S00
eutanasies	eutanasiar	VMSP2S0V
eutanasiessen	eutanasiar	VMSI3P05
eutanasiesses	eutanasiar	VMSI2S05
eutanasiessin	eutanasiar	VMSI3P02
eutanasiessis	eutanasiar	VMSI2S02
eutanasieu	eutanasiar	VMIP2P00
eutanasieu	eutanasiar	VMM02P0X
eutanasieu	eutanasiar	VMSP2P00
eutanasii	eutanasiar	VMIP1S0B
eutanasio	eutanasiar	VMIP1S0C
eutanasià	eutanasiar	VMIS3S00
eutanasiàrem	eutanasiar	VMIS1P00
eutanasiàrem	eutanasiar	VMSI1P03
eutanasiàreu	eutanasiar	VMIS2P00
eutanasiàreu	eutanasiar	VMSI2P03
eutanasiàs	eutanasiar	VMSI1S07
eutanasiàs	eutanasiar	VMSI3S07
eutanasiàssem	eutanasiar	VMSI1P06
eutanasiàsseu	eutanasiar	VMSI2P06
eutanasiàssim	eutanasiar	VMSI1P04
eutanasiàssiu	eutanasiar	VMSI2P04
eutanasiàvem	eutanasiar	VMII1P00
eutanasiàveu	eutanasiar	VMII2P00
eutanasiés	eutanasiar	VMSI1S01
eutanasiés	eutanasiar	VMSI3S01
eutanasiéssem	eutanasiar	VMSI1P05
eutanasiésseu	eutanasiar	VMSI2P05
eutanasiéssim	eutanasiar	VMSI1P02
eutanasiéssiu	eutanasiar	VMSI2P02
eutanasií	eutanasiar	VMIS1S00
eutanasiï	eutanasiar	VMM03S0Y
eutanasiï	eutanasiar	VMSP1S0Y
eutanasiï	eutanasiar	VMSP3S0Y
eutanasiïn	eutanasiar	VMM03P0Y
eutanasiïn	eutanasiar	VMSP3P0Y
eutanasiïs	eutanasiar	VMSP2S0Y
ex-etarra	ex-etarra	NCCS000
ex-etarres	ex-etarra	NCCP000
exdiputada	exdiputat	NCFS000
exdiputades	exdiputat	NCFP000
expo	expo	NCFS000
expos	expo	NCFP000
extremomeridional	extremomeridional	AQ0CS0
extremomeridionals	extremomeridional	AQ0CP0
extremooccidental	extremooccidental	AQ0CS0
extremooccidentals	extremooccidental	AQ0CP0
extremooriental	extremooriental	AQ0CS0
extremoorientals	extremooriental	AQ0CP0
extremoseptentrional	extremoseptentrional	AQ0CS0
extremoseptentrionals	extremoseptentrional	AQ0CP0
fascolàrctid	fascolàrctid	NCMS000
fascolàrctids	fascolàrctid	NCMP000
fil·lostòmid	fil·lostòmid	NCMS000
fil·lostòmids	fil·lostòmid	NCMP000
forasterada	forasterada	NCFS000
forasterades	forasterada	NCFP000
furgoteca	furgoteca	NCFS000
furgoteques	furgoteca	NCFP000
furiptèrid	furiptèrid	NCMS000
furiptèrids	furiptèrid	NCMP000
galerisme	galerisme	NCMS000
galerismes	galerisme	NCMP000
galàgid	galàgid	NCMS000
galàgids	galàgid	NCMP000
gattopardesc	gattopardesc	AQ0MS0
gattopardesca	gattopardesc	AQ0FS0
gattopardescos	gattopardesc	AQ0MP0
gattopardescs	gattopardesc	AQ0MP0
gattopardesques	gattopardesc	AQ0FP0
geoparc	geoparc	NCMS000
geoparcs	geoparc	NCMP000
glicosilacions	glicosilació	NCFP000
glicosilació	glicosilació	NCFS000
glossònim	glossònim	NCMS000
glossònims	glossònim	NCMP000
glotònim	glotònim	NCMS000
glotònims	glotònim	NCMP000
gracioset	gracioset	AQ0MS0
gracioseta	gracioset	AQ0FS0
graciosetes	gracioset	AQ0FP0
graciosets	gracioset	AQ0MP0
gramaticastra	gramaticastre	NCFS000
gramaticastres	gramaticastre	NCCP000
grapadet	grapadet	NCMS000
grapadets	grapadet	NCMP000
guineueta	guineueta	NCFS000
guineuetes	guineueta	NCFP000
guitarreta	guitarreta	NCFS000
guitarretes	guitarreta	NCFP000
heavy-metal	heavy-metal	AQ0CN0
heterocefàlid	heterocefàlid	NCMS000
heterocefàlids	heterocefàlid	NCMP000
heteròmid	heteròmid	NCMS000
heteròmids	heteròmid	NCMP000
hexapèptid	hexapèptid	NCMS000
hexapèptids	hexapèptid	NCMP000
hidrolipídic	hidrolipídic	AQ0MS0
hidrolipídica	hidrolipídic	AQ0FS0
hidrolipídics	hidrolipídic	AQ0MP0
hidrolipídiques	hidrolipídic	AQ0FP0
hiparxiologia	hiparxiologia	NCFS000
hiper-IgE	hiper-IgE	AQ0CN0
hiperacceler	hiperaccelerar	VMIP1S0B
hiperaccelera	hiperaccelerar	VMIP3S00
hiperaccelera	hiperaccelerar	VMM02S00
hiperacceleracions	hiperacceleració	NCFP000
hiperacceleració	hiperacceleració	NCFS000
hiperaccelerada	hiperaccelerar	VMP00SF0
hiperaccelerades	hiperaccelerar	VMP00PF0
hiperacceleram	hiperaccelerar	VMIP1P0B
hiperaccelerant	hiperaccelerar	VMG00000
hiperaccelerar	hiperaccelerar	VMN00000
hiperaccelerara	hiperaccelerar	VMSI1S03
hiperaccelerara	hiperaccelerar	VMSI3S03
hiperacceleraran	hiperaccelerar	VMIF3P00
hiperaccelerarem	hiperaccelerar	VMIF1P00
hiperacceleraren	hiperaccelerar	VMIS3P00
hiperacceleraren	hiperaccelerar	VMSI3P03
hiperaccelerares	hiperaccelerar	VMIS2S00
hiperaccelerares	hiperaccelerar	VMSI2S03
hiperaccelerareu	hiperaccelerar	VMIF2P00
hiperacceleraria	hiperaccelerar	VMIC1S00
hiperacceleraria	hiperaccelerar	VMIC3S00
hiperaccelerarien	hiperaccelerar	VMIC3P00
hiperacceleraries	hiperaccelerar	VMIC2S00
hiperaccelerarà	hiperaccelerar	VMIF3S00
hiperacceleraràs	hiperaccelerar	VMIF2S00
hiperacceleraré	hiperaccelerar	VMIF1S00
hiperacceleraríem	hiperaccelerar	VMIC1P00
hiperacceleraríeu	hiperaccelerar	VMIC2P00
hiperaccelerassen	hiperaccelerar	VMSI3P06
hiperaccelerasses	hiperaccelerar	VMSI2S06
hiperaccelerassin	hiperaccelerar	VMSI3P04
hiperaccelerassis	hiperaccelerar	VMSI2S04
hiperaccelerat	hiperaccelerar	VMP00SM0
hiperaccelerats	hiperaccelerar	VMP00PM0
hiperaccelerau	hiperaccelerar	VMIP2P0B
hiperaccelerau	hiperaccelerar	VMM02P0B
hiperaccelerava	hiperaccelerar	VMII1S00
hiperaccelerava	hiperaccelerar	VMII3S00
hiperacceleraven	hiperaccelerar	VMII3P00
hiperacceleraves	hiperaccelerar	VMII2S00
hiperaccelere	hiperaccelerar	VMIP1S0V
hiperaccelere	hiperaccelerar	VMM03S0V
hiperaccelere	hiperaccelerar	VMSP1S0V
hiperaccelere	hiperaccelerar	VMSP3S0V
hiperaccelerem	hiperaccelerar	VMIP1P00
hiperaccelerem	hiperaccelerar	VMM01P00
hiperaccelerem	hiperaccelerar	VMSP1P00
hiperacceleren	hiperaccelerar	VMIP3P00
hiperacceleren	hiperaccelerar	VMM03P0V
hiperacceleren	hiperaccelerar	VMSP3P0V
hiperacceleres	hiperaccelerar	VMIP2S00
hiperacceleres	hiperaccelerar	VMSP2S0V
hiperacceleressen	hiperaccelerar	VMSI3P05
hiperacceleresses	hiperaccelerar	VMSI2S05
hiperacceleressin	hiperaccelerar	VMSI3P02
hiperacceleressis	hiperaccelerar	VMSI2S02
hiperaccelereu	hiperaccelerar	VMIP2P00
hiperaccelereu	hiperaccelerar	VMM02P0X
hiperaccelereu	hiperaccelerar	VMSP2P00
hiperacceleri	hiperaccelerar	VMM03S0Y
hiperacceleri	hiperaccelerar	VMSP1S0Y
hiperacceleri	hiperaccelerar	VMSP3S0Y
hiperaccelerin	hiperaccelerar	VMM03P0Y
hiperaccelerin	hiperaccelerar	VMSP3P0Y
hiperacceleris	hiperaccelerar	VMSP2S0Y
hiperaccelero	hiperaccelerar	VMIP1S0C
hiperaccelerà	hiperaccelerar	VMIS3S00
hiperacceleràrem	hiperaccelerar	VMIS1P00
hiperacceleràrem	hiperaccelerar	VMSI1P03
hiperacceleràreu	hiperaccelerar	VMIS2P00
hiperacceleràreu	hiperaccelerar	VMSI2P03
hiperacceleràs	hiperaccelerar	VMSI1S07
hiperacceleràs	hiperaccelerar	VMSI3S07
hiperacceleràssem	hiperaccelerar	VMSI1P06
hiperacceleràsseu	hiperaccelerar	VMSI2P06
hiperacceleràssim	hiperaccelerar	VMSI1P04
hiperacceleràssiu	hiperaccelerar	VMSI2P04
hiperacceleràvem	hiperaccelerar	VMII1P00
hiperacceleràveu	hiperaccelerar	VMII2P00
hiperaccelerés	hiperaccelerar	VMSI1S01
hiperaccelerés	hiperaccelerar	VMSI3S01
hiperacceleréssem	hiperaccelerar	VMSI1P05
hiperaccelerésseu	hiperaccelerar	VMSI2P05
hiperacceleréssim	hiperaccelerar	VMSI1P02
hiperacceleréssiu	hiperaccelerar	VMSI2P02
hiperaccelerí	hiperaccelerar	VMIS1S00
hiperaccions	hiperacció	NCFP000
hiperacció	hiperacció	NCFS000
hiperacidòfil	hiperacidòfil	AQ0MS0
hiperacidòfila	hiperacidòfil	AQ0FS0
hiperacidòfiles	hiperacidòfil	AQ0FP0
hiperacidòfils	hiperacidòfil	AQ0MP0
hiperactiv	hiperactivar	VMIP1S0B
hiperactiva	hiperactivar	VMIP3S00
hiperactiva	hiperactivar	VMM02S00
hiperactivada	hiperactivar	VMP00SF0
hiperactivades	hiperactivar	VMP00PF0
hiperactivam	hiperactivar	VMIP1P0B
hiperactivant	hiperactivar	VMG00000
hiperactivar	hiperactivar	VMN00000
hiperactivara	hiperactivar	VMSI1S03
hiperactivara	hiperactivar	VMSI3S03
hiperactivaran	hiperactivar	VMIF3P00
hiperactivarem	hiperactivar	VMIF1P00
hiperactivaren	hiperactivar	VMIS3P00
hiperactivaren	hiperactivar	VMSI3P03
hiperactivares	hiperactivar	VMIS2S00
hiperactivares	hiperactivar	VMSI2S03
hiperactivareu	hiperactivar	VMIF2P00
hiperactivaria	hiperactivar	VMIC1S00
hiperactivaria	hiperactivar	VMIC3S00
hiperactivarien	hiperactivar	VMIC3P00
hiperactivaries	hiperactivar	VMIC2S00
hiperactivarà	hiperactivar	VMIF3S00
hiperactivaràs	hiperactivar	VMIF2S00
hiperactivaré	hiperactivar	VMIF1S00
hiperactivaríem	hiperactivar	VMIC1P00
hiperactivaríeu	hiperactivar	VMIC2P00
hiperactivassen	hiperactivar	VMSI3P06
hiperactivasses	hiperactivar	VMSI2S06
hiperactivassin	hiperactivar	VMSI3P04
hiperactivassis	hiperactivar	VMSI2S04
hiperactivat	hiperactivar	VMP00SM0
hiperactivats	hiperactivar	VMP00PM0
hiperactivau	hiperactivar	VMIP2P0B
hiperactivau	hiperactivar	VMM02P0B
hiperactivava	hiperactivar	VMII1S00
hiperactivava	hiperactivar	VMII3S00
hiperactivaven	hiperactivar	VMII3P00
hiperactivaves	hiperactivar	VMII2S00
hiperactive	hiperactivar	VMIP1S0V
hiperactive	hiperactivar	VMM03S0V
hiperactive	hiperactivar	VMSP1S0V
hiperactive	hiperactivar	VMSP3S0V
hiperactivem	hiperactivar	VMIP1P00
hiperactivem	hiperactivar	VMM01P00
hiperactivem	hiperactivar	VMSP1P00
hiperactiven	hiperactivar	VMIP3P00
hiperactiven	hiperactivar	VMM03P0V
hiperactiven	hiperactivar	VMSP3P0V
hiperactives	hiperactivar	VMIP2S00
hiperactives	hiperactivar	VMSP2S0V
hiperactivessen	hiperactivar	VMSI3P05
hiperactivesses	hiperactivar	VMSI2S05
hiperactivessin	hiperactivar	VMSI3P02
hiperactivessis	hiperactivar	VMSI2S02
hiperactiveu	hiperactivar	VMIP2P00
hiperactiveu	hiperactivar	VMM02P0X
hiperactiveu	hiperactivar	VMSP2P00
hiperactivi	hiperactivar	VMM03S0Y
hiperactivi	hiperactivar	VMSP1S0Y
hiperactivi	hiperactivar	VMSP3S0Y
hiperactivin	hiperactivar	VMM03P0Y
hiperactivin	hiperactivar	VMSP3P0Y
hiperactivis	hiperactivar	VMSP2S0Y
hiperactivo	hiperactivar	VMIP1S0C
hiperactivà	hiperactivar	VMIS3S00
hiperactivàrem	hiperactivar	VMIS1P00
hiperactivàrem	hiperactivar	VMSI1P03
hiperactivàreu	hiperactivar	VMIS2P00
hiperactivàreu	hiperactivar	VMSI2P03
hiperactivàs	hiperactivar	VMSI1S07
hiperactivàs	hiperactivar	VMSI3S07
hiperactivàssem	hiperactivar	VMSI1P06
hiperactivàsseu	hiperactivar	VMSI2P06
hiperactivàssim	hiperactivar	VMSI1P04
hiperactivàssiu	hiperactivar	VMSI2P04
hiperactivàvem	hiperactivar	VMII1P00
hiperactivàveu	hiperactivar	VMII2P00
hiperactivés	hiperactivar	VMSI1S01
hiperactivés	hiperactivar	VMSI3S01
hiperactivéssem	hiperactivar	VMSI1P05
hiperactivésseu	hiperactivar	VMSI2P05
hiperactivéssim	hiperactivar	VMSI1P02
hiperactivéssiu	hiperactivar	VMSI2P02
hiperactiví	hiperactivar	VMIS1S00
hiperacumulador	hiperacumulador	AQ0MS0
hiperacumuladora	hiperacumulador	AQ0FS0
hiperacumuladores	hiperacumulador	AQ0FP0
hiperacumuladors	hiperacumulador	AQ0MP0
hiperaddictiu	hiperaddictiu	AQ0MS0
hiperaddictius	hiperaddictiu	AQ0MP0
hiperaddictiva	hiperaddictiu	AQ0FS0
hiperaddictives	hiperaddictiu	AQ0FP0
hiperagressivitat	hiperagressivitat	NCFS000
hiperagressivitats	hiperagressivitat	NCFP000
hiperamonèmic	hiperamonèmic	AQ0MS0
hiperamonèmica	hiperamonèmic	AQ0FS0
hiperamonèmics	hiperamonèmic	AQ0MP0
hiperamonèmiques	hiperamonèmic	AQ0FP0
hiperbreu	hiperbreu	AQ0CS0
hiperbreus	hiperbreu	AQ0CP0
hipercarnívor	hipercarnívor	AQ0MS0
hipercarnívora	hipercarnívor	AQ0FS0
hipercarnívores	hipercarnívor	AQ0FP0
hipercarnívors	hipercarnívor	AQ0MP0
hipercicle	hipercicle	NCMS000
hipercicles	hipercicle	NCMP000
hipercoagulable	hipercoagulable	AQ0CS0
hipercoagulables	hipercoagulable	AQ0CP0
hipercomputacions	hipercomputació	NCFP000
hipercomputació	hipercomputació	NCFS000
hiperconcentracions	hiperconcentració	NCFP000
hiperconcentració	hiperconcentració	NCFS000
hiperconduccions	hiperconducció	NCFP000
hiperconducció	hiperconducció	NCFS000
hiperconductor	hiperconductor	AQ0MS0
hiperconductora	hiperconductor	AQ0FS0
hiperconductores	hiperconductor	AQ0FP0
hiperconductors	hiperconductor	AQ0MP0
hiperconeixement	hiperconeixement	NCMS000
hiperconeixements	hiperconeixement	NCMP000
hiperconscient	hiperconscient	AQ0CS0
hiperconscients	hiperconscient	AQ0CP0
hiperdemocràcia	hiperdemocràcia	NCFS000
hiperdemocràcies	hiperdemocràcia	NCFP000
hiperdens	hiperdens	AQ0MS0
hiperdensa	hiperdens	AQ0FS0
hiperdenses	hiperdens	AQ0FP0
hiperdensos	hiperdens	AQ0MP0
hiperdesenvolupada	hiperdesenvolupat	AQ0FS0
hiperdesenvolupades	hiperdesenvolupat	AQ0FP0
hiperdesenvolupat	hiperdesenvolupat	AQ0MS0
hiperdesenvolupats	hiperdesenvolupat	AQ0MP0
hiperdimensional	hiperdimensional	AQ0CS0
hiperdimensionals	hiperdimensional	AQ0CP0
hiperdotada	hiperdotat	AQ0FS0
hiperdotades	hiperdotat	AQ0FP0
hiperdotat	hiperdotat	AQ0MS0
hiperdotats	hiperdotat	AQ0MP0
hipereficiència	hipereficiència	NCFS000
hipereficiències	hipereficiència	NCFP000
hiperel·líptic	hiperel·líptic	AQ0MS0
hiperel·líptica	hiperel·líptic	AQ0FS0
hiperel·líptics	hiperel·líptic	AQ0MP0
hiperel·líptiques	hiperel·líptic	AQ0FP0
hiperelàstic	hiperelàstic	AQ0MS0
hiperelàstica	hiperelàstic	AQ0FS0
hiperelàstics	hiperelàstic	AQ0MP0
hiperelàstiques	hiperelàstic	AQ0FP0
hipereosinofília	hipereosinofília	NCFS000
hipereosinofílic	hipereosinofílic	AQ0MS0
hipereosinofílica	hipereosinofílic	AQ0FS0
hipereosinofílics	hipereosinofílic	AQ0MP0
hipereosinofílies	hipereosinofília	NCFP000
hipereosinofíliques	hipereosinofílic	AQ0FP0
hiperespacial	hiperespacial	AQ0CS0
hiperespacials	hiperespacial	AQ0CP0
hiperespectral	hiperespectral	AQ0CS0
hiperespectrals	hiperespectral	AQ0CP0
hiperesportiu	hiperesportiu	AQ0MS0
hiperesportius	hiperesportiu	AQ0MP0
hiperesportiva	hiperesportiu	AQ0FS0
hiperesportives	hiperesportiu	AQ0FP0
hiperestenc	hiperestendre	VMIP1S00
hiperestendran	hiperestendre	VMIF3P00
hiperestendre	hiperestendre	VMN00000
hiperestendrem	hiperestendre	VMIF1P00
hiperestendreu	hiperestendre	VMIF2P00
hiperestendria	hiperestendre	VMIC1S00
hiperestendria	hiperestendre	VMIC3S00
hiperestendrien	hiperestendre	VMIC3P00
hiperestendries	hiperestendre	VMIC2S00
hiperestendrà	hiperestendre	VMIF3S00
hiperestendràs	hiperestendre	VMIF2S00
hiperestendré	hiperestendre	VMIF1S00
hiperestendríem	hiperestendre	VMIC1P00
hiperestendríeu	hiperestendre	VMIC2P00
hiperestenem	hiperestendre	VMIP1P00
hiperestenen	hiperestendre	VMIP3P00
hiperestenent	hiperestendre	VMG00000
hiperesteneu	hiperestendre	VMIP2P00
hiperesteneu	hiperestendre	VMM02P00
hiperestenga	hiperestendre	VMM03S0V
hiperestenga	hiperestendre	VMSP1S0V
hiperestenga	hiperestendre	VMSP3S0V
hiperestenguem	hiperestendre	VMM01P00
hiperestenguem	hiperestendre	VMSP1P00
hiperestenguen	hiperestendre	VMM03P0V
hiperestenguen	hiperestendre	VMSP3P0V
hiperestenguera	hiperestendre	VMSI1S03
hiperestenguera	hiperestendre	VMSI3S03
hiperestengueren	hiperestendre	VMIS3P00
hiperestengueren	hiperestendre	VMSI3P03
hiperestengueres	hiperestendre	VMIS2S00
hiperestengueres	hiperestendre	VMSI2S03
hiperestengues	hiperestendre	VMSP2S0V
hiperestenguessen	hiperestendre	VMSI3P05
hiperestenguesses	hiperestendre	VMSI2S05
hiperestenguessin	hiperestendre	VMSI3P02
hiperestenguessis	hiperestendre	VMSI2S02
hiperestengueu	hiperestendre	VMSP2P00
hiperestengui	hiperestendre	VMM03S0Y
hiperestengui	hiperestendre	VMSP1S0Y
hiperestengui	hiperestendre	VMSP3S0Y
hiperestenguin	hiperestendre	VMM03P0Y
hiperestenguin	hiperestendre	VMSP3P0Y
hiperestenguis	hiperestendre	VMSP2S0Y
hiperestengué	hiperestendre	VMIS3S00
hiperestenguérem	hiperestendre	VMIS1P00
hiperestenguérem	hiperestendre	VMSI1P03
hiperestenguéreu	hiperestendre	VMIS2P00
hiperestenguéreu	hiperestendre	VMSI2P03
hiperestengués	hiperestendre	VMSI1S01
hiperestengués	hiperestendre	VMSI3S01
hiperestenguéssem	hiperestendre	VMSI1P05
hiperestenguésseu	hiperestendre	VMSI2P05
hiperestenguéssim	hiperestendre	VMSI1P02
hiperestenguéssiu	hiperestendre	VMSI2P02
hiperestenguí	hiperestendre	VMIS1S00
hiperestenia	hiperestendre	VMII1S00
hiperestenia	hiperestendre	VMII3S00
hiperestenien	hiperestendre	VMII3P00
hiperestenies	hiperestendre	VMII2S00
hiperestens	hiperestendre	VMIP2S00
hiperesteníem	hiperestendre	VMII1P00
hiperesteníeu	hiperestendre	VMII2P00
hiperestesa	hiperestendre	VMP00SF0
hiperesteses	hiperestendre	VMP00PF0
hiperestesos	hiperestendre	VMP00PM0
hiperestès	hiperestendre	VMP00SM0
hiperestén	hiperestendre	VMIP3S00
hiperestén	hiperestendre	VMM02S00
hiperestés	hiperestendre	VMP00SM0
hiperexcitabilitat	hiperexcitabilitat	NCFS000
hiperexcitabilitats	hiperexcitabilitat	NCFP000
hiperfemenina	hiperfemení	AQ0FS0
hiperfemenines	hiperfemení	AQ0FP0
hiperfemenins	hiperfemení	AQ0MP0
hiperfemení	hiperfemení	AQ0MS0
hiperficcions	hiperficció	NCFP000
hiperficció	hiperficció	NCFS000
hiperfosforilacions	hiperfosforilació	NCFP000
hiperfosforilació	hiperfosforilació	NCFS000
hiperfosforilada	hiperfosforilat	AQ0FS0
hiperfosforilades	hiperfosforilat	AQ0FP0
hiperfosforilat	hiperfosforilat	AQ0MS0
hiperfosforilats	hiperfosforilat	AQ0MP0
hiperfuncionant	hiperfuncionant	AQ0CS0
hiperfuncionants	hiperfuncionant	AQ0CP0
hipergegant	hipergegant	AQ0CS0
hipergegants	hipergegant	AQ0CP0
hiperglicèmic	hiperglicèmic	AQ0MS0
hiperglicèmica	hiperglicèmic	AQ0FS0
hiperglicèmics	hiperglicèmic	AQ0MP0
hiperglicèmiques	hiperglicèmic	AQ0FP0
hipergraf	hipergraf	NCMS000
hipergrafia	hipergrafia	NCFS000
hipergrafies	hipergrafia	NCFP000
hipergrafs	hipergraf	NCMP000
hipergravetat	hipergravetat	NCFS000
hipergravetats	hipergravetat	NCFP000
hiperheurística	hiperheurística	NCFS000
hiperheurístiques	hiperheurística	NCFP000
hiperhidratada	hiperhidratat	AQ0FS0
hiperhidratades	hiperhidratat	AQ0FP0
hiperhidratat	hiperhidratat	AQ0MS0
hiperhidratats	hiperhidratat	AQ0MP0
hiperhumida	hiperhumit	AQ0FS0
hiperhumides	hiperhumit	AQ0FP0
hiperhumit	hiperhumit	AQ0MS0
hiperhumits	hiperhumit	AQ0MP0
hiperinaccessible	hiperinaccessible	AQ0CS0
hiperinaccessibles	hiperinaccessible	AQ0CP0
hiperindustrialitzada	hiperindustrialitzat	AQ0FS0
hiperindustrialitzades	hiperindustrialitzat	AQ0FP0
hiperindustrialitzat	hiperindustrialitzat	AQ0MS0
hiperindustrialitzats	hiperindustrialitzat	AQ0MP0
hiperinsulinèmic	hiperinsulinèmic	AQ0MS0
hiperinsulinèmica	hiperinsulinèmic	AQ0FS0
hiperinsulinèmics	hiperinsulinèmic	AQ0MP0
hiperinsulinèmiques	hiperinsulinèmic	AQ0FP0
hiperintel·ligent	hiperintel·ligent	AQ0CS0
hiperintel·ligents	hiperintel·ligent	AQ0CP0
hiperintens	hiperintens	AQ0MS0
hiperintensa	hiperintens	AQ0FS0
hiperintenses	hiperintens	AQ0FP0
hiperintensos	hiperintens	AQ0MP0
hiperlaxitud	hiperlaxitud	NCFS000
hiperlaxituds	hiperlaxitud	NCFP000
hiperlocal	hiperlocal	AQ0CS0
hiperlocals	hiperlocal	AQ0CP0
hipermasculina	hipermasculí	AQ0FS0
hipermasculines	hipermasculí	AQ0FP0
hipermasculinitat	hipermasculinitat	NCFS000
hipermasculinitats	hipermasculinitat	NCFP000
hipermasculins	hipermasculí	AQ0MP0
hipermasculí	hipermasculí	AQ0MS0
hipermemòria	hipermemòria	NCFS000
hipermemòries	hipermemòria	NCFP000
hipermetilacions	hipermetilació	NCFP000
hipermetilació	hipermetilació	NCFS000
hipermetilada	hipermetilat	AQ0FS0
hipermetilades	hipermetilat	AQ0FP0
hipermetilat	hipermetilat	AQ0MS0
hipermetilats	hipermetilat	AQ0MP0
hipernacionalisme	hipernacionalisme	NCMS000
hipernacionalismes	hipernacionalisme	NCMP000
hiperneuròtic	hiperneuròtic	AQ0MS0
hiperneuròtica	hiperneuròtic	AQ0FS0
hiperneuròtics	hiperneuròtic	AQ0MP0
hiperneuròtiques	hiperneuròtic	AQ0FP0
hipernova	hipernova	NCFS000
hipernoves	hipernova	NCFP000
hiperoperacions	hiperoperació	NCFP000
hiperoperació	hiperoperació	NCFS000
hiperparasitoide	hiperparasitoide	NCMS000
hiperparasitoides	hiperparasitoide	NCMP000
hiperpatogen	hiperpatogen	AQ0MS0
hiperpatògena	hiperpatogen	AQ0FS0
hiperpatògenes	hiperpatogen	AQ0FP0
hiperpatògens	hiperpatogen	AQ0MP0
hiperperfusions	hiperperfusió	NCFP000
hiperperfusió	hiperperfusió	NCFS000
hiperpersonalitzada	hiperpersonalitzat	AQ0FS0
hiperpersonalitzades	hiperpersonalitzat	AQ0FP0
hiperpersonalitzat	hiperpersonalitzat	AQ0MS0
hiperpersonalitzats	hiperpersonalitzat	AQ0MP0
hiperpigmentada	hiperpigmentat	AQ0FS0
hiperpigmentades	hiperpigmentat	AQ0FP0
hiperpigmentat	hiperpigmentat	AQ0MS0
hiperpigmentats	hiperpigmentat	AQ0MP0
hiperpolaritzada	hiperpolaritzat	AQ0FS0
hiperpolaritzades	hiperpolaritzat	AQ0FP0
hiperpolaritzant	hiperpolaritzant	AQ0CS0
hiperpolaritzants	hiperpolaritzant	AQ0CP0
hiperpolaritzat	hiperpolaritzat	AQ0MS0
hiperpolaritzats	hiperpolaritzat	AQ0MP0
hiperpotència	hiperpotència	NCFS000
hiperpotències	hiperpotència	NCFP000
hiperpressions	hiperpressió	NCFP000
hiperpressió	hiperpressió	NCFS000
hiperproductivisme	hiperproductivisme	NCMS000
hiperproductivismes	hiperproductivisme	NCMP000
hiperproductivitat	hiperproductivitat	NCFS000
hiperproductivitats	hiperproductivitat	NCFP000
hiperpropulsions	hiperpropulsió	NCFP000
hiperpropulsió	hiperpropulsió	NCFS000
hiperpropulsor	hiperpropulsor	NCMS000
hiperpropulsors	hiperpropulsor	NCMP000
hiperqualificacions	hiperqualificació	NCFP000
hiperqualificació	hiperqualificació	NCFS000
hiperracional	hiperracional	AQ0CS0
hiperracionals	hiperracional	AQ0CP0
hiperreglamentacions	hiperreglamentació	NCFP000
hiperreglamentació	hiperreglamentació	NCFS000
hiperregulacions	hiperregulació	NCFP000
hiperregulació	hiperregulació	NCFS000
hipersaliv	hipersalivar	VMIP1S0B
hipersaliva	hipersalivar	VMIP3S00
hipersaliva	hipersalivar	VMM02S00
hipersalivada	hipersalivar	VMP00SF0
hipersalivades	hipersalivar	VMP00PF0
hipersalivam	hipersalivar	VMIP1P0B
hipersalivant	hipersalivar	VMG00000
hipersalivar	hipersalivar	VMN00000
hipersalivara	hipersalivar	VMSI1S03
hipersalivara	hipersalivar	VMSI3S03
hipersalivaran	hipersalivar	VMIF3P00
hipersalivarem	hipersalivar	VMIF1P00
hipersalivaren	hipersalivar	VMIS3P00
hipersalivaren	hipersalivar	VMSI3P03
hipersalivares	hipersalivar	VMIS2S00
hipersalivares	hipersalivar	VMSI2S03
hipersalivareu	hipersalivar	VMIF2P00
hipersalivaria	hipersalivar	VMIC1S00
hipersalivaria	hipersalivar	VMIC3S00
hipersalivarien	hipersalivar	VMIC3P00
hipersalivaries	hipersalivar	VMIC2S00
hipersalivarà	hipersalivar	VMIF3S00
hipersalivaràs	hipersalivar	VMIF2S00
hipersalivaré	hipersalivar	VMIF1S00
hipersalivaríem	hipersalivar	VMIC1P00
hipersalivaríeu	hipersalivar	VMIC2P00
hipersalivassen	hipersalivar	VMSI3P06
hipersalivasses	hipersalivar	VMSI2S06
hipersalivassin	hipersalivar	VMSI3P04
hipersalivassis	hipersalivar	VMSI2S04
hipersalivat	hipersalivar	VMP00SM0
hipersalivats	hipersalivar	VMP00PM0
hipersalivau	hipersalivar	VMIP2P0B
hipersalivau	hipersalivar	VMM02P0B
hipersalivava	hipersalivar	VMII1S00
hipersalivava	hipersalivar	VMII3S00
hipersalivaven	hipersalivar	VMII3P00
hipersalivaves	hipersalivar	VMII2S00
hipersalive	hipersalivar	VMIP1S0V
hipersalive	hipersalivar	VMM03S0V
hipersalive	hipersalivar	VMSP1S0V
hipersalive	hipersalivar	VMSP3S0V
hipersalivem	hipersalivar	VMIP1P00
hipersalivem	hipersalivar	VMM01P00
hipersalivem	hipersalivar	VMSP1P00
hipersaliven	hipersalivar	VMIP3P00
hipersaliven	hipersalivar	VMM03P0V
hipersaliven	hipersalivar	VMSP3P0V
hipersalives	hipersalivar	VMIP2S00
hipersalives	hipersalivar	VMSP2S0V
hipersalivessen	hipersalivar	VMSI3P05
hipersalivesses	hipersalivar	VMSI2S05
hipersalivessin	hipersalivar	VMSI3P02
hipersalivessis	hipersalivar	VMSI2S02
hipersaliveu	hipersalivar	VMIP2P00
hipersaliveu	hipersalivar	VMM02P0X
hipersaliveu	hipersalivar	VMSP2P00
hipersalivi	hipersalivar	VMM03S0Y
hipersalivi	hipersalivar	VMSP1S0Y
hipersalivi	hipersalivar	VMSP3S0Y
hipersalivin	hipersalivar	VMM03P0Y
hipersalivin	hipersalivar	VMSP3P0Y
hipersalivis	hipersalivar	VMSP2S0Y
hipersalivo	hipersalivar	VMIP1S0C
hipersalivà	hipersalivar	VMIS3S00
hipersalivàrem	hipersalivar	VMIS1P00
hipersalivàrem	hipersalivar	VMSI1P03
hipersalivàreu	hipersalivar	VMIS2P00
hipersalivàreu	hipersalivar	VMSI2P03
hipersalivàs	hipersalivar	VMSI1S07
hipersalivàs	hipersalivar	VMSI3S07
hipersalivàssem	hipersalivar	VMSI1P06
hipersalivàsseu	hipersalivar	VMSI2P06
hipersalivàssim	hipersalivar	VMSI1P04
hipersalivàssiu	hipersalivar	VMSI2P04
hipersalivàvem	hipersalivar	VMII1P00
hipersalivàveu	hipersalivar	VMII2P00
hipersalivés	hipersalivar	VMSI1S01
hipersalivés	hipersalivar	VMSI3S01
hipersalivéssem	hipersalivar	VMSI1P05
hipersalivésseu	hipersalivar	VMSI2P05
hipersalivéssim	hipersalivar	VMSI1P02
hipersalivéssiu	hipersalivar	VMSI2P02
hipersaliví	hipersalivar	VMIS1S00
hipersalt	hipersalt	NCMS000
hipersalts	hipersalt	NCMP000
hipersaturada	hipersaturat	AQ0FS0
hipersaturades	hipersaturat	AQ0FP0
hipersaturat	hipersaturat	AQ0MS0
hipersaturats	hipersaturat	AQ0MP0
hipersensitiu	hipersensitiu	AQ0MS0
hipersensitius	hipersensitiu	AQ0MP0
hipersensitiva	hipersensitiu	AQ0FS0
hipersensitives	hipersensitiu	AQ0FP0
hipersexual	hipersexual	AQ0CS0
hipersexuals	hipersexual	AQ0CP0
hipertecnològic	hipertecnològic	AQ0MS0
hipertecnològica	hipertecnològic	AQ0FS0
hipertecnològics	hipertecnològic	AQ0MP0
hipertecnològiques	hipertecnològic	AQ0FP0
hipertemps	hipertemps	NCMS000
hipertempsos	hipertemps	NCMP000
hipertermal	hipertermal	AQ0CS0
hipertermals	hipertermal	AQ0CP0
hipertermòfil	hipertermòfil	AQ0MS0
hipertermòfila	hipertermòfil	AQ0FS0
hipertermòfiles	hipertermòfil	AQ0FP0
hipertermòfils	hipertermòfil	AQ0MP0
hipertúnel	hipertúnel	NCMS000
hipertúnels	hipertúnel	NCMP000
hipervalent	hipervalent	AQ0CS0
hipervalents	hipervalent	AQ0CP0
hipervaloracions	hipervaloració	NCFP000
hipervaloració	hipervaloració	NCFS000
hiperveloces	hiperveloç	AQ0FP0
hipervelocitat	hipervelocitat	NCFS000
hipervelocitats	hipervelocitat	NCFP000
hiperveloç	hiperveloç	AQ0CS0
hiperveloços	hiperveloç	AQ0MP0
hipervigilant	hipervigilant	AQ0CS0
hipervigilants	hipervigilant	AQ0CP0
hipervolum	hipervolum	NCMS000
hipervolums	hipervolum	NCMP000
hiperàcid	hiperàcid	AQ0MS0
hiperàcida	hiperàcid	AQ0FS0
hiperàcides	hiperàcid	AQ0FP0
hiperàcids	hiperàcid	AQ0MP0
hiperàrid	hiperàrid	AQ0MS0
hiperàrida	hiperàrid	AQ0FS0
hiperàrides	hiperàrid	AQ0FP0
hiperàrids	hiperàrid	AQ0MP0
hiposidèrid	hiposidèrid	NCMS000
hiposidèrids	hiposidèrid	NCMP000
hipsiprimnodòntid	hipsiprimnodòntid	NCMS000
hipsiprimnodòntids	hipsiprimnodòntid	NCMP000
implementable	implementable	AQ0CS0
implementables	implementable	AQ0CP0
incultur	inculturar	VMIP1S0B
incultura	inculturar	VMIP3S00
incultura	inculturar	VMM02S00
inculturacions	inculturació	NCFP000
inculturació	inculturació	NCFS000
inculturada	inculturar	VMP00SF0
inculturades	inculturar	VMP00PF0
inculturam	inculturar	VMIP1P0B
inculturant	inculturar	VMG00000
inculturar	inculturar	VMN00000
inculturara	inculturar	VMSI1S03
inculturara	inculturar	VMSI3S03
inculturaran	inculturar	VMIF3P00
inculturarem	inculturar	VMIF1P00
inculturaren	inculturar	VMIS3P00
inculturaren	inculturar	VMSI3P03
inculturares	inculturar	VMIS2S00
inculturares	inculturar	VMSI2S03
inculturareu	inculturar	VMIF2P00
inculturaria	inculturar	VMIC1S00
inculturaria	inculturar	VMIC3S00
inculturarien	inculturar	VMIC3P00
inculturaries	inculturar	VMIC2S00
inculturarà	inculturar	VMIF3S00
inculturaràs	inculturar	VMIF2S00
inculturaré	inculturar	VMIF1S00
inculturaríem	inculturar	VMIC1P00
inculturaríeu	inculturar	VMIC2P00
inculturassen	inculturar	VMSI3P06
inculturasses	inculturar	VMSI2S06
inculturassin	inculturar	VMSI3P04
inculturassis	inculturar	VMSI2S04
inculturat	inculturar	VMP00SM0
inculturats	inculturar	VMP00PM0
inculturau	inculturar	VMIP2P0B
inculturau	inculturar	VMM02P0B
inculturava	inculturar	VMII1S00
inculturava	inculturar	VMII3S00
inculturaven	inculturar	VMII3P00
inculturaves	inculturar	VMII2S00
inculture	inculturar	VMIP1S0V
inculture	inculturar	VMM03S0V
inculture	inculturar	VMSP1S0V
inculture	inculturar	VMSP3S0V
inculturem	inculturar	VMIP1P00
inculturem	inculturar	VMM01P00
inculturem	inculturar	VMSP1P00
inculturen	inculturar	VMIP3P00
inculturen	inculturar	VMM03P0V
inculturen	inculturar	VMSP3P0V
incultures	inculturar	VMIP2S00
incultures	inculturar	VMSP2S0V
inculturessen	inculturar	VMSI3P05
inculturesses	inculturar	VMSI2S05
inculturessin	inculturar	VMSI3P02
inculturessis	inculturar	VMSI2S02
incultureu	inculturar	VMIP2P00
incultureu	inculturar	VMM02P0X
incultureu	inculturar	VMSP2P00
inculturi	inculturar	VMM03S0Y
inculturi	inculturar	VMSP1S0Y
inculturi	inculturar	VMSP3S0Y
inculturin	inculturar	VMM03P0Y
inculturin	inculturar	VMSP3P0Y
inculturis	inculturar	VMSP2S0Y
inculturo	inculturar	VMIP1S0C
inculturà	inculturar	VMIS3S00
inculturàrem	inculturar	VMIS1P00
inculturàrem	inculturar	VMSI1P03
inculturàreu	inculturar	VMIS2P00
inculturàreu	inculturar	VMSI2P03
inculturàs	inculturar	VMSI1S07
inculturàs	inculturar	VMSI3S07
inculturàssem	inculturar	VMSI1P06
inculturàsseu	inculturar	VMSI2P06
inculturàssim	inculturar	VMSI1P04
inculturàssiu	inculturar	VMSI2P04
inculturàvem	inculturar	VMII1P00
inculturàveu	inculturar	VMII2P00
inculturés	inculturar	VMSI1S01
inculturés	inculturar	VMSI3S01
inculturéssem	inculturar	VMSI1P05
inculturésseu	inculturar	VMSI2P05
inculturéssim	inculturar	VMSI1P02
inculturéssiu	inculturar	VMSI2P02
inculturí	inculturar	VMIS1S00
indefendible	indefendible	AQ0CS0
indefendibles	indefendible	AQ0CP0
italoamericana	italoamericà	AQ0FS0
italoamericanes	italoamericà	AQ0FP0
italoamericans	italoamericà	AQ0MP0
italoamericà	italoamericà	AQ0MS0
italofília	italofília	NCFS000
italofílies	italofília	NCFP000
italòfil	italòfil	AQ0MS0
italòfila	italòfil	AQ0FS0
italòfiles	italòfil	AQ0FP0
italòfils	italòfil	AQ0MP0
jeltzale	jeltzale	AQ0CS0
jeltzales	jeltzale	AQ0CP0
juntaire	juntaire	AQ0CS0
juntaires	juntaire	AQ0CP0
juridificacions	juridificació	NCFP000
juridificació	juridificació	NCFS000
juriditzacions	juridització	NCFP000
juridització	juridització	NCFS000
kompromat	kompromat	NCMS000
lepilemúrid	lepilemúrid	NCMS000
lepilemúrids	lepilemúrid	NCMP000
lipòtid	lipòtid	NCMS000
lipòtids	lipòtid	NCMP000
llepona	llepó	NCFS000
llepones	llepó	NCFP000
llepons	llepó	NCMP000
llepó	llepó	NCMS000
look	look	NCMS000
looks	look	NCMP000
macrocasino	macrocasino	NCMS000
macrocasinos	macrocasino	NCMP000
macrocomplot	macrocomplot	NCMS000
macrocomplots	macrocomplot	NCMP000
macrodesplegament	macrodesplegament	NCMS000
macrodesplegaments	macrodesplegament	NCMP000
macronisme	macronisme	NCMS000
macroscelideu	macroscelideu	NCMS000
macroscelideus	macroscelideu	NCMP000
macroscelídid	macroscelídid	NCMS000
macroscelídids	macroscelídid	NCMP000
macrotipografia	macrotipografia	NCFS000
macrotipografies	macrotipografia	NCFP000
macrotipogràfic	macrotipogràfic	AQ0MS0
macrotipogràfica	macrotipogràfic	AQ0FS0
macrotipogràfics	macrotipogràfic	AQ0MP0
macrotipogràfiques	macrotipogràfic	AQ0FP0
malv	malvar	VMIP1S0B
malva	malvar	VMIP3S00
malva	malvar	VMM02S00
malvada	malvar	VMP00SF0
malvades	malvar	VMP00PF0
malvam	malvar	VMIP1P0B
malvant	malvar	VMG00000
malvar	malvar	VMN00000
malvara	malvar	VMSI1S03
malvara	malvar	VMSI3S03
malvaran	malvar	VMIF3P00
malvarem	malvar	VMIF1P00
malvaren	malvar	VMIS3P00
malvaren	malvar	VMSI3P03
malvares	malvar	VMIS2S00
malvares	malvar	VMSI2S03
malvareu	malvar	VMIF2P00
malvaria	malvar	VMIC1S00
malvaria	malvar	VMIC3S00
malvarien	malvar	VMIC3P00
malvaries	malvar	VMIC2S00
malvarà	malvar	VMIF3S00
malvaràs	malvar	VMIF2S00
malvaré	malvar	VMIF1S00
malvaríem	malvar	VMIC1P00
malvaríeu	malvar	VMIC2P00
malvassen	malvar	VMSI3P06
malvasses	malvar	VMSI2S06
malvassin	malvar	VMSI3P04
malvassis	malvar	VMSI2S04
malvat	malvar	VMP00SM0
malvats	malvar	VMP00PM0
malvau	malvar	VMIP2P0B
malvau	malvar	VMM02P0B
malvava	malvar	VMII1S00
malvava	malvar	VMII3S00
malvaven	malvar	VMII3P00
malvaves	malvar	VMII2S00
malve	malvar	VMIP1S0V
malve	malvar	VMM03S0V
malve	malvar	VMSP1S0V
malve	malvar	VMSP3S0V
malvem	malvar	VMIP1P00
malvem	malvar	VMM01P00
malvem	malvar	VMSP1P00
malven	malvar	VMIP3P00
malven	malvar	VMM03P0V
malven	malvar	VMSP3P0V
malves	malvar	VMIP2S00
malves	malvar	VMSP2S0V
malvessen	malvar	VMSI3P05
malvesses	malvar	VMSI2S05
malvessin	malvar	VMSI3P02
malvessis	malvar	VMSI2S02
malveu	malvar	VMIP2P00
malveu	malvar	VMM02P0X
malveu	malvar	VMSP2P00
malvi	malvar	VMM03S0Y
malvi	malvar	VMSP1S0Y
malvi	malvar	VMSP3S0Y
malvin	malvar	VMM03P0Y
malvin	malvar	VMSP3P0Y
malvis	malvar	VMSP2S0Y
malvo	malvar	VMIP1S0C
malvà	malvar	VMIS3S00
malvàrem	malvar	VMIS1P00
malvàrem	malvar	VMSI1P03
malvàreu	malvar	VMIS2P00
malvàreu	malvar	VMSI2P03
malvàs	malvar	VMSI1S07
malvàs	malvar	VMSI3S07
malvàssem	malvar	VMSI1P06
malvàsseu	malvar	VMSI2P06
malvàssim	malvar	VMSI1P04
malvàssiu	malvar	VMSI2P04
malvàvem	malvar	VMII1P00
malvàveu	malvar	VMII2P00
malvés	malvar	VMSI1S01
malvés	malvar	VMSI3S01
malvéssem	malvar	VMSI1P05
malvésseu	malvar	VMSI2P05
malvéssim	malvar	VMSI1P02
malvéssiu	malvar	VMSI2P02
malví	malvar	VMIS1S00
margai	margai	NCMS000
margais	margai	NCMP000
marxeta	marxeta	NCFS000
marxetes	marxeta	NCFP000
matamarcians	matamarcians	NCMN000
mefítid	mefítid	NCMS000
mefítids	mefítid	NCMP000
megadecret	megadecret	NCMS000
megadecrets	megadecret	NCMP000
megaladàpid	megaladàpid	NCMS000
megaladàpids	megaladàpid	NCMP000
megaloníquid	megaloníquid	NCMS000
megaloníquids	megaloníquid	NCMP000
menjahomes	menjahomes	AQ0CN0
mesoclític	mesoclític	NCMS000
mesoclítics	mesoclític	NCMP000
microacanalada	microacanalat	AQ0FS0
microacanalades	microacanalat	AQ0FP0
microacanalat	microacanalat	AQ0MS0
microacanalats	microacanalat	AQ0MP0
microactivitat	microactivitat	NCFS000
microactivitats	microactivitat	NCFP000
microadministracions	microadministració	NCFP000
microadministració	microadministració	NCFS000
microaglutinacions	microaglutinació	NCFP000
microaglutinació	microaglutinació	NCFS000
microagregacions	microagregació	NCFP000
microagregació	microagregació	NCFS000
microagressions	microagressió	NCFP000
microagressió	microagressió	NCFS000
microaliada	microaliat	AQ0FS0
microaliades	microaliat	AQ0FP0
microaliat	microaliat	AQ0MS0
microaliats	microaliat	AQ0MP0
microamortidor	microamortidor	NCMS000
microamortidors	microamortidor	NCMP000
microantena	microantena	NCFS000
microantenes	microantena	NCFP000
microapoplexia	microapoplexia	NCFS000
microapoplexies	microapoplexia	NCFP000
microarquitectura	microarquitectura	NCFS000
microarquitectures	microarquitectura	NCFP000
microarquitectònic	microarquitectònic	AQ0MS0
microarquitectònica	microarquitectònic	AQ0FS0
microarquitectònics	microarquitectònic	AQ0MP0
microarquitectòniques	microarquitectònic	AQ0FP0
microaspecte	microaspecte	NCMS000
microaspectes	microaspecte	NCMP000
microassegurances	microassegurança	NCMP000
microassegurança	microassegurança	NCMS000
microasteroide	microasteroide	NCMS000
microasteroides	microasteroide	NCMP000
microavaluacions	microavaluació	NCFP000
microavaluació	microavaluació	NCFS000
microbacteri	microbacteri	NCMS000
microbacteris	microbacteri	NCMP000
microbarri	microbarri	NCMS000
microbarris	microbarri	NCMP000
microbeca	microbeca	NCFS000
microbeques	microbeca	NCFP000
microbiblioteca	microbiblioteca	NCFS000
microbiblioteques	microbiblioteca	NCFP000
microbioteri	microbioteri	NCMS000
microbioteris	microbioteri	NCMP000
microbiotèrid	microbiotèrid	NCMS000
microbiotèrids	microbiotèrid	NCMP000
microbolòmetre	microbolòmetre	NCMS000
microbolòmetres	microbolòmetre	NCMP000
microbombolla	microbombolla	NCFS000
microbombolles	microbombolla	NCFP000
microbot	microbot	NCMS000
microbots	microbot	NCMP000
microbrigada	microbrigada	NCFS000
microbrigades	microbrigada	NCFP000
microcalibre	microcalibre	NCMS000
microcalibres	microcalibre	NCMP000
microcanons	microcanó	NCMP000
microcanvi	microcanvi	NCMS000
microcanvis	microcanvi	NCMP000
microcanònic	microcanònic	AQ0MS0
microcanònica	microcanònic	AQ0FS0
microcanònics	microcanònic	AQ0MP0
microcanòniques	microcanònic	AQ0FP0
microcanó	microcanó	NCMS000
microcapa	microcapa	NCFS000
microcapes	microcapa	NCFP000
microcasa	microcasa	NCFS000
microcases	microcasa	NCFP000
microcavitat	microcavitat	NCFS000
microcavitats	microcavitat	NCFP000
microcel·la	microcel·la	NCFS000
microcel·les	microcel·la	NCFP000
microcentrifugacions	microcentrifugació	NCFP000
microcentrifugació	microcentrifugació	NCFS000
microcentrifugadora	microcentrifugadora	NCFS000
microcentrifugadores	microcentrifugadora	NCFP000
microcervell	microcervell	NCMS000
microcervells	microcervell	NCMP000
microcirculatori	microcirculatori	AQ0MS0
microcirculatoris	microcirculatori	AQ0MP0
microcirculatòria	microcirculatori	AQ0FS0
microcirculatòries	microcirculatori	AQ0FP0
microciutat	microciutat	NCFS000
microciutats	microciutat	NCFP000
microcogeneracions	microcogeneració	NCFP000
microcogeneració	microcogeneració	NCFS000
microcomarca	microcomarca	NCFS000
microcomarques	microcomarca	NCFP000
microcompanyia	microcompanyia	NCFS000
microcompanyies	microcompanyia	NCFP000
microcomponent	microcomponent	NCMS000
microcomponents	microcomponent	NCMP000
microcomputacions	microcomputació	NCFP000
microcomputació	microcomputació	NCFS000
microcomputador	microcomputador	NCMS000
microcomputadora	microcomputadora	NCFS000
microcomputadores	microcomputadora	NCFP000
microcomputadors	microcomputador	NCMP000
microconca	microconca	NCFS000
microconflicte	microconflicte	NCMS000
microconflictes	microconflicte	NCMP000
microconglomerat	microconglomerat	NCMS000
microconglomerats	microconglomerat	NCMP000
microconques	microconca	NCFP000
microconsola	microconsola	NCFS000
microconsoles	microconsola	NCFP000
microconstituent	microconstituent	NCMS000
microconstituents	microconstituent	NCMP000
microcontacte	microcontacte	NCMS000
microcontactes	microcontacte	NCMP000
microcontaminant	microcontaminant	NCMS000
microcontaminants	microcontaminant	NCMP000
microconte	microconte	NCMS000
microcontes	microconte	NCMP000
microcontinent	microcontinent	NCMS000
microcontinents	microcontinent	NCMP000
microcontingut	microcontingut	NCMS000
microcontinguts	microcontingut	NCMP000
microconvertidor	microconvertidor	NCMS000
microconvertidors	microconvertidor	NCMP000
microcrustaci	microcrustaci	NCMS000
microcrustacis	microcrustaci	NCMP000
microcàpsula	microcàpsula	NCFS000
microcàpsules	microcàpsula	NCFP000
microcàrrega	microcàrrega	NCFS000
microcàrregues	microcàrrega	NCFP000
microdecisions	microdecisió	NCFP000
microdecisió	microdecisió	NCFS000
microdeformacions	microdeformació	NCFP000
microdeformació	microdeformació	NCFS000
microdelinqüència	microdelinqüència	NCFS000
microdelinqüències	microdelinqüència	NCFP000
microdermoabrasions	microdermoabrasió	NCFP000
microdermoabrasió	microdermoabrasió	NCFS000
microdesarmament	microdesarmament	NCMS000
microdesarmaments	microdesarmament	NCMP000
microdesenvolupament	microdesenvolupament	NCMS000
microdesenvolupaments	microdesenvolupament	NCMP000
microdestil·leria	microdestil·leria	NCFS000
microdestil·leries	microdestil·leria	NCFP000
microdiagnòstic	microdiagnòstic	NCMS000
microdiagnòstics	microdiagnòstic	NCMP000
microdiamant	microdiamant	NCMS000
microdiamants	microdiamant	NCMP000
microdifusions	microdifusió	NCFP000
microdifusió	microdifusió	NCFS000
microdilucions	microdilució	NCFP000
microdilució	microdilució	NCFS000
microdiscectomia	microdiscectomia	NCFS000
microdiscectomies	microdiscectomia	NCFP000
microdispositiu	microdispositiu	NCMS000
microdispositius	microdispositiu	NCMP000
microdistricte	microdistricte	NCMS000
microdistrictes	microdistricte	NCMP000
microdocumental	microdocumental	NCMS000
microdocumentals	microdocumental	NCMP000
microdomini	microdomini	NCMS000
microdominis	microdomini	NCMP000
microdosimetria	microdosimetria	NCFS000
microdosimetries	microdosimetria	NCFP000
microduresa	microduresa	NCFS000
microdureses	microduresa	NCFP000
microeconomètric	microeconomètric	AQ0MS0
microeconomètrica	microeconomètric	AQ0FS0
microeconomètrics	microeconomètric	AQ0MP0
microeconomètriques	microeconomètric	AQ0FP0
microecosistema	microecosistema	NCMS000
microecosistemes	microecosistema	NCMP000
microemprenedor	microemprenedor	NCMS000
microemprenedora	microemprenedor	NCFS000
microemprenedores	microemprenedor	NCFP000
microemprenedoria	microemprenedoria	NCFS000
microemprenedories	microemprenedoria	NCFP000
microemprenedors	microemprenedor	NCMP000
microempresarial	microempresarial	AQ0CS0
microempresarials	microempresarial	AQ0CP0
microenclavament	microenclavament	NCMS000
microenclavaments	microenclavament	NCMP000
microendemisme	microendemisme	NCMS000
microendemismes	microendemisme	NCMP000
microendèmic	microendèmic	AQ0MS0
microendèmica	microendèmic	AQ0FS0
microendèmics	microendèmic	AQ0MP0
microendèmiques	microendèmic	AQ0FP0
microenergia	microenergia	NCFS000
microenergies	microenergia	NCFP000
microenginyeria	microenginyeria	NCFS000
microenginyeries	microenginyeria	NCFP000
microenrutador	microenrutador	NCMS000
microenrutadors	microenrutador	NCMP000
microentitat	microentitat	NCFS000
microentitats	microentitat	NCFP000
microescala	microescala	NCFS000
microescales	microescala	NCFP000
microescultura	microescultura	NCFS000
microescultures	microescultura	NCFP000
microescàner	microescàner	NCMS000
microescàners	microescàner	NCMP000
microesfera	microesfera	NCFS000
microesferes	microesfera	NCFP000
microesfèric	microesfèric	AQ0MS0
microesfèrica	microesfèric	AQ0FS0
microesfèrics	microesfèric	AQ0MP0
microesfèriques	microesfèric	AQ0FP0
microespectroscòpia	microespectroscòpia	NCFS000
microespectroscòpies	microespectroscòpia	NCFP000
microespill	microespill	NCMS000
microespills	microespill	NCMP000
microespiral	microespiral	NCMS000
microespirals	microespiral	NCMP000
microestalvi	microestalvi	NCMS000
microestalvis	microestalvi	NCMP000
microestratègia	microestratègia	NCFS000
microestratègies	microestratègia	NCFP000
microestructurada	microestructurat	AQ0FS0
microestructurades	microestructurat	AQ0FP0
microestructurat	microestructurat	AQ0MS0
microestructurats	microestructurat	AQ0MP0
microevolutiu	microevolutiu	AQ0MS0
microevolutius	microevolutiu	AQ0MP0
microevolutiva	microevolutiu	AQ0FS0
microevolutives	microevolutiu	AQ0FP0
microexplosions	microexplosió	NCFP000
microexplosiu	microexplosiu	NCMS000
microexplosius	microexplosiu	NCMP000
microexplosió	microexplosió	NCFS000
microexpressions	microexpressió	NCFP000
microexpressió	microexpressió	NCFS000
microextraccions	microextracció	NCFP000
microextracció	microextracció	NCFS000
microfabricacions	microfabricació	NCFP000
microfabricació	microfabricació	NCFS000
microficcions	microficció	NCFP000
microficció	microficció	NCFS000
microfiltrada	microfiltrat	AQ0FS0
microfiltrades	microfiltrat	AQ0FP0
microfiltrat	microfiltrat	AQ0MS0
microfiltratge	microfiltratge	NCMS000
microfiltratges	microfiltratge	NCMP000
microfiltrats	microfiltrat	AQ0MP0
microfiltre	microfiltre	NCMS000
microfiltres	microfiltre	NCMP000
microfinancer	microfinancer	AQ0MS0
microfinancera	microfinancer	AQ0FS0
microfinanceres	microfinancer	AQ0FP0
microfinancers	microfinancer	AQ0MP0
microfinances	microfinança	NCFP000
microfinança	microfinança	NCFS000
microfluid	microfluid	NCMS000
microfluids	microfluid	NCMP000
microfluoracions	microfluoració	NCFP000
microfluoració	microfluoració	NCFS000
microfluídic	microfluídic	AQ0MS0
microfluídica	microfluídic	AQ0FS0
microfluídics	microfluídic	AQ0MP0
microfluídiques	microfluídic	AQ0FP0
microfluïditzador	microfluïditzador	NCMS000
microfluïditzadors	microfluïditzador	NCMP000
microfonament	microfonament	NCMS000
microfonaments	microfonament	NCMP000
microfong	microfong	NCMS000
microfongs	microfong	NCMP000
microforat	microforat	NCMS000
microforats	microforat	NCMP000
microfractura	microfractura	NCFS000
microfractures	microfractura	NCFP000
microfuncions	microfunció	NCFP000
microfunció	microfunció	NCFS000
microgenerador	microgenerador	NCMS000
microgeneradors	microgenerador	NCMP000
microgestion	microgestionar	VMIP1S0B
microgestiona	microgestionar	VMIP3S00
microgestiona	microgestionar	VMM02S00
microgestionada	microgestionar	VMP00SF0
microgestionades	microgestionar	VMP00PF0
microgestionam	microgestionar	VMIP1P0B
microgestionant	microgestionar	VMG00000
microgestionar	microgestionar	VMN00000
microgestionara	microgestionar	VMSI1S03
microgestionara	microgestionar	VMSI3S03
microgestionaran	microgestionar	VMIF3P00
microgestionarem	microgestionar	VMIF1P00
microgestionaren	microgestionar	VMIS3P00
microgestionaren	microgestionar	VMSI3P03
microgestionares	microgestionar	VMIS2S00
microgestionares	microgestionar	VMSI2S03
microgestionareu	microgestionar	VMIF2P00
microgestionaria	microgestionar	VMIC1S00
microgestionaria	microgestionar	VMIC3S00
microgestionarien	microgestionar	VMIC3P00
microgestionaries	microgestionar	VMIC2S00
microgestionarà	microgestionar	VMIF3S00
microgestionaràs	microgestionar	VMIF2S00
microgestionaré	microgestionar	VMIF1S00
microgestionaríem	microgestionar	VMIC1P00
microgestionaríeu	microgestionar	VMIC2P00
microgestionassen	microgestionar	VMSI3P06
microgestionasses	microgestionar	VMSI2S06
microgestionassin	microgestionar	VMSI3P04
microgestionassis	microgestionar	VMSI2S04
microgestionat	microgestionar	VMP00SM0
microgestionats	microgestionar	VMP00PM0
microgestionau	microgestionar	VMIP2P0B
microgestionau	microgestionar	VMM02P0B
microgestionava	microgestionar	VMII1S00
microgestionava	microgestionar	VMII3S00
microgestionaven	microgestionar	VMII3P00
microgestionaves	microgestionar	VMII2S00
microgestione	microgestionar	VMIP1S0V
microgestione	microgestionar	VMM03S0V
microgestione	microgestionar	VMSP1S0V
microgestione	microgestionar	VMSP3S0V
microgestionem	microgestionar	VMIP1P00
microgestionem	microgestionar	VMM01P00
microgestionem	microgestionar	VMSP1P00
microgestionen	microgestionar	VMIP3P00
microgestionen	microgestionar	VMM03P0V
microgestionen	microgestionar	VMSP3P0V
microgestiones	microgestionar	VMIP2S00
microgestiones	microgestionar	VMSP2S0V
microgestionessen	microgestionar	VMSI3P05
microgestionesses	microgestionar	VMSI2S05
microgestionessin	microgestionar	VMSI3P02
microgestionessis	microgestionar	VMSI2S02
microgestioneu	microgestionar	VMIP2P00
microgestioneu	microgestionar	VMM02P0X
microgestioneu	microgestionar	VMSP2P00
microgestioni	microgestionar	VMM03S0Y
microgestioni	microgestionar	VMSP1S0Y
microgestioni	microgestionar	VMSP3S0Y
microgestionin	microgestionar	VMM03P0Y
microgestionin	microgestionar	VMSP3P0Y
microgestionis	microgestionar	VMSP2S0Y
microgestiono	microgestionar	VMIP1S0C
microgestionà	microgestionar	VMIS3S00
microgestionàrem	microgestionar	VMIS1P00
microgestionàrem	microgestionar	VMSI1P03
microgestionàreu	microgestionar	VMIS2P00
microgestionàreu	microgestionar	VMSI2P03
microgestionàs	microgestionar	VMSI1S07
microgestionàs	microgestionar	VMSI3S07
microgestionàssem	microgestionar	VMSI1P06
microgestionàsseu	microgestionar	VMSI2P06
microgestionàssim	microgestionar	VMSI1P04
microgestionàssiu	microgestionar	VMSI2P04
microgestionàvem	microgestionar	VMII1P00
microgestionàveu	microgestionar	VMII2P00
microgestionés	microgestionar	VMSI1S01
microgestionés	microgestionar	VMSI3S01
microgestionéssem	microgestionar	VMSI1P05
microgestionésseu	microgestionar	VMSI2P05
microgestionéssim	microgestionar	VMSI1P02
microgestionéssiu	microgestionar	VMSI2P02
microgestioní	microgestionar	VMIS1S00
microgrup	microgrup	NCMS000
microgrups	microgrup	NCMP000
microgrànul	microgrànul	NCMS000
microgrànuls	microgrànul	NCMP000
microhemorràgia	microhemorràgia	NCFS000
microhemorràgies	microhemorràgia	NCFP000
microhidràulic	microhidràulic	AQ0MS0
microhidràulica	microhidràulic	AQ0FS0
microhidràulics	microhidràulic	AQ0MP0
microhidràuliques	microhidràulic	AQ0FP0
microimpressions	microimpressió	NCFP000
microimpressió	microimpressió	NCFS000
microindicador	microindicador	NCMS000
microindicadors	microindicador	NCMP000
microindústria	microindústria	NCFS000
microindústries	microindústria	NCFP000
microinstitucions	microinstitució	NCFP000
microinstitució	microinstitució	NCFS000
microinterruptor	microinterruptor	NCMS000
microinterruptors	microinterruptor	NCMP000
microinterval	microinterval	NCMS000
microintervals	microinterval	NCMP000
microintervencions	microintervenció	NCFP000
microintervenció	microintervenció	NCFS000
microinversions	microinversió	NCFP000
microinversió	microinversió	NCFS000
microinversor	microinversor	NCMS000
microinversors	microinversor	NCMP000
microlliscament	microlliscament	NCMS000
microlliscaments	microlliscament	NCMP000
microlocalitzador	microlocalitzador	NCMS000
microlocalitzadors	microlocalitzador	NCMP000
micromaquinària	micromaquinària	NCFS000
micromaquinàries	micromaquinària	NCFP000
micromatriu	micromatriu	NCFS000
micromatrius	micromatriu	NCFP000
micromecànic	micromecànic	AQ0MS0
micromecànica	micromecànic	AQ0FS0
micromecànics	micromecànic	AQ0MP0
micromecàniques	micromecànic	AQ0FP0
micromesura	micromesura	NCFS000
micromesures	micromesura	NCFP000
micromirall	micromirall	NCMS000
micromiralls	micromirall	NCMP000
micromolècula	micromolècula	NCFS000
micromolècules	micromolècula	NCFP000
micromorfològic	micromorfològic	AQ0MS0
micromorfològica	micromorfològic	AQ0FS0
micromorfològics	micromorfològic	AQ0MP0
micromorfològiques	micromorfològic	AQ0FP0
micromoviment	micromoviment	NCMS000
micromoviments	micromoviment	NCMP000
micronavegador	micronavegador	NCMS000
micronavegadors	micronavegador	NCMP000
micronegoci	micronegoci	NCMS000
micronegocis	micronegoci	NCMP000
microondulada	microondulat	AQ0FS0
microondulades	microondulat	AQ0FP0
microondulat	microondulat	AQ0MS0
microondulats	microondulat	AQ0MP0
microoxigenacions	microoxigenació	NCFP000
microoxigenació	microoxigenació	NCFS000
micropalanca	micropalanca	NCFS000
micropalanques	micropalanca	NCFP000
micropantalla	micropantalla	NCFS000
micropantalles	micropantalla	NCFP000
micropascal	micropascal	NCMS000
micropascals	micropascal	NCMP000
microperforada	microperforat	AQ0FS0
microperforades	microperforat	AQ0FP0
microperforat	microperforat	AQ0MS0
microperforats	microperforat	AQ0MP0
micropinces	micropinces	NCFN000
microplanificacions	microplanificació	NCFP000
microplanificació	microplanificació	NCFS000
microplanta	microplanta	NCFS000
microplantes	microplanta	NCFP000
microporcions	microporció	NCFP000
microporció	microporció	NCFS000
microprocessament	microprocessament	NCMS000
microprocessaments	microprocessament	NCMP000
microprocessos	microprocés	NCMP000
microprocés	microprocés	NCMS000
microproductor	microproductor	NCMS000
microproductora	microproductor	NCFS000
microproductores	microproductor	NCFP000
microproductors	microproductor	NCMP000
microprojeccions	microprojecció	NCFP000
microprojecció	microprojecció	NCFS000
microprudencial	microprudencial	AQ0CS0
microprudencials	microprudencial	AQ0CP0
microquàsar	microquàsar	NCMS000
microquàsars	microquàsar	NCMP000
microreactor	microreactor	NCMS000
microreactors	microreactor	NCMP000
microregions	microregió	NCFP000
microregió	microregió	NCFS000
microrelleu	microrelleu	NCMS000
microrelleus	microrelleu	NCMP000
microrobòtica	microrobòtica	NCFS000
microrobòtiques	microrobòtica	NCFP000
microsegment	microsegment	NCMS000
microsegmentacions	microsegmentació	NCFP000
microsegmentació	microsegmentació	NCFS000
microsegments	microsegment	NCMP000
microsensor	microsensor	NCMS000
microsensors	microsensor	NCMP000
microservei	microservei	NCMS000
microserveis	microservei	NCMP000
microsocial	microsocial	AQ0CS0
microsocials	microsocial	AQ0CP0
microsociològic	microsociològic	AQ0MS0
microsociològica	microsociològic	AQ0FS0
microsociològics	microsociològic	AQ0MP0
microsociològiques	microsociològic	AQ0FP0
microsomal	microsomal	AQ0CS0
microsomals	microsomal	AQ0CP0
microsubsidi	microsubsidi	NCMS000
microsubsidis	microsubsidi	NCMP000
microsubvencions	microsubvenció	NCFP000
microsubvenció	microsubvenció	NCFS000
microtall	microtall	NCMS000
microtalls	microtall	NCMP000
microtensions	microtensió	NCFP000
microtensió	microtensió	NCFS000
microtesla	microtesla	NCMS000
microtesles	microtesla	NCMP000
microtext	microtext	NCMS000
microtextos	microtext	NCMP000
microtexts	microtext	NCMP000
microtipografia	microtipografia	NCFS000
microtipografies	microtipografia	NCFP000
microtipogràfic	microtipogràfic	AQ0MS0
microtipogràfica	microtipogràfic	AQ0FS0
microtipogràfics	microtipogràfic	AQ0MP0
microtipogràfiques	microtipogràfic	AQ0FP0
microtonal	microtonal	AQ0CS0
microtonals	microtonal	AQ0CP0
microtoponímia	microtoponímia	NCFS000
microtoponímies	microtoponímia	NCFP000
microtopònim	microtopònim	NCMS000
microtopònims	microtopònim	NCMP000
microtrauma	microtrauma	NCMS000
microtraumes	microtrauma	NCMP000
microtub	microtub	NCMS000
microtubs	microtub	NCMP000
microtubular	microtubular	AQ0CS0
microtubulars	microtubular	AQ0CP0
microtumor	microtumor	NCMS000
microtumors	microtumor	NCMP000
microunivers	microunivers	NCMS000
microuniversos	microunivers	NCMP000
microvegetal	microvegetal	NCMS000
microvegetals	microvegetal	NCMP000
microvesicular	microvesicular	AQ0CS0
microvesiculars	microvesicular	AQ0CP0
microvibracions	microvibració	NCFP000
microvibració	microvibració	NCFS000
microvinificacions	microvinificació	NCFP000
microvinificació	microvinificació	NCFS000
microxarxa	microxarxa	NCFS000
microxarxes	microxarxa	NCFP000
microzona	microzona	NCFS000
microzones	microzona	NCFP000
microzooplàncton	microzooplàncton	NCMS000
microzooplànctons	microzooplàncton	NCMP000
minieòlic	minieòlic	AQ0MS0
minieòlica	minieòlic	AQ0FS0
minieòlics	minieòlic	AQ0MP0
minieòliques	minieòlic	AQ0FP0
minioptèrid	minioptèrid	NCMS000
minioptèrids	minioptèrid	NCMP000
mirmecòbid	mirmecòbid	NCMS000
mirmecòbids	mirmecòbid	NCMP000
mistacínid	mistacínid	NCMS000
mistacínids	mistacínid	NCMP000
mitjatita	mitjatita	NCMS000
mitjatites	mitjatita	NCMP000
mizopòdid	mizopòdid	NCMS000
mizopòdids	mizopòdid	NCMP000
modularitzacions	modularització	NCFP000
modularització	modularització	NCFS000
monodòntid	monodòntid	NCMS000
monodòntids	monodòntid	NCMP000
monoreligiosa	monoreligiós	AQ0FS0
monoreligioses	monoreligiós	AQ0FP0
monoreligiosos	monoreligiós	AQ0MP0
monoreligiós	monoreligiós	AQ0MS0
multiculturalista	multiculturalista	AQ0CS0
multiculturalistes	multiculturalista	AQ0CP0
multiculturalització	multiculturalització	NCFS000
multifamiliar	multifamiliar	AQ0CS0
multifamiliars	multifamiliar	AQ0CP0
multimolecular	multimolecular	AQ0CS0
multimoleculars	multimolecular	AQ0CP0
mètal	mètal	NCMS000
méteo	méteo	NCFS000
naftalínic	naftalínic	AQ0MS0
naftalínica	naftalínic	AQ0FS0
naftalínics	naftalínic	AQ0MP0
naftalíniques	naftalínic	AQ0FP0
nandínid	nandínid	NCMS000
nandínids	nandínid	NCMP000
natàlid	natàlid	NCMS000
natàlids	natàlid	NCMP000
neobalènid	neobalènid	NCMS000
neobalènids	neobalènid	NCMP000
neolerrouxisme	neolerrouxisme	NCMS000
neolerrouxismes	neolerrouxisme	NCMP000
neolerrouxista	neolerrouxista	AQ0CS0
neolerrouxistes	neolerrouxista	AQ0CP0
nepotista	nepotista	AQ0CS0
nepotistes	nepotista	AQ0CP0
nesofòntid	nesofòntid	NCMS000
nesofòntids	nesofòntid	NCMP000
nesòmid	nesòmid	NCMS000
nesòmids	nesòmid	NCMP000
neuromite	neuromite	NCMS000
neuromites	neuromite	NCMP000
nictèrid	nictèrid	NCMS000
nictèrids	nictèrid	NCMP000
noctiliònid	noctiliònid	NCMS000
noctiliònids	noctiliònid	NCMP000
notorictemorf	notorictemorf	NCMS000
notorictemorfs	notorictemorf	NCMP000
notoríctid	notoríctid	NCMS000
notoríctids	notoríctid	NCMP000
objectific	objectificar	VMIP1S0B
objectifica	objectificar	VMIP3S00
objectifica	objectificar	VMM02S00
objectificacions	objectificació	NCFP000
objectificació	objectificació	NCFS000
objectificada	objectificar	VMP00SF0
objectificades	objectificar	VMP00PF0
objectificam	objectificar	VMIP1P0B
objectificant	objectificar	VMG00000
objectificar	objectificar	VMN00000
objectificara	objectificar	VMSI1S03
objectificara	objectificar	VMSI3S03
objectificaran	objectificar	VMIF3P00
objectificarem	objectificar	VMIF1P00
objectificaren	objectificar	VMIS3P00
objectificaren	objectificar	VMSI3P03
objectificares	objectificar	VMIS2S00
objectificares	objectificar	VMSI2S03
objectificareu	objectificar	VMIF2P00
objectificaria	objectificar	VMIC1S00
objectificaria	objectificar	VMIC3S00
objectificarien	objectificar	VMIC3P00
objectificaries	objectificar	VMIC2S00
objectificarà	objectificar	VMIF3S00
objectificaràs	objectificar	VMIF2S00
objectificaré	objectificar	VMIF1S00
objectificaríem	objectificar	VMIC1P00
objectificaríeu	objectificar	VMIC2P00
objectificassen	objectificar	VMSI3P06
objectificasses	objectificar	VMSI2S06
objectificassin	objectificar	VMSI3P04
objectificassis	objectificar	VMSI2S04
objectificat	objectificar	VMP00SM0
objectificats	objectificar	VMP00PM0
objectificau	objectificar	VMIP2P0B
objectificau	objectificar	VMM02P0B
objectificava	objectificar	VMII1S00
objectificava	objectificar	VMII3S00
objectificaven	objectificar	VMII3P00
objectificaves	objectificar	VMII2S00
objectifico	objectificar	VMIP1S0C
objectificà	objectificar	VMIS3S00
objectificàrem	objectificar	VMIS1P00
objectificàrem	objectificar	VMSI1P03
objectificàreu	objectificar	VMIS2P00
objectificàreu	objectificar	VMSI2P03
objectificàs	objectificar	VMSI1S07
objectificàs	objectificar	VMSI3S07
objectificàssem	objectificar	VMSI1P06
objectificàsseu	objectificar	VMSI2P06
objectificàssim	objectificar	VMSI1P04
objectificàssiu	objectificar	VMSI2P04
objectificàvem	objectificar	VMII1P00
objectificàveu	objectificar	VMII2P00
objectifique	objectificar	VMIP1S0V
objectifique	objectificar	VMM03S0V
objectifique	objectificar	VMSP1S0V
objectifique	objectificar	VMSP3S0V
objectifiquem	objectificar	VMIP1P00
objectifiquem	objectificar	VMM01P00
objectifiquem	objectificar	VMSP1P00
objectifiquen	objectificar	VMIP3P00
objectifiquen	objectificar	VMM03P0V
objectifiquen	objectificar	VMSP3P0V
objectifiques	objectificar	VMIP2S00
objectifiques	objectificar	VMSP2S0V
objectifiquessen	objectificar	VMSI3P05
objectifiquesses	objectificar	VMSI2S05
objectifiquessin	objectificar	VMSI3P02
objectifiquessis	objectificar	VMSI2S02
objectifiqueu	objectificar	VMIP2P00
objectifiqueu	objectificar	VMM02P0X
objectifiqueu	objectificar	VMSP2P00
objectifiqui	objectificar	VMM03S0Y
objectifiqui	objectificar	VMSP1S0Y
objectifiqui	objectificar	VMSP3S0Y
objectifiquin	objectificar	VMM03P0Y
objectifiquin	objectificar	VMSP3P0Y
objectifiquis	objectificar	VMSP2S0Y
objectifiqués	objectificar	VMSI1S01
objectifiqués	objectificar	VMSI3S01
objectifiquéssem	objectificar	VMSI1P05
objectifiquésseu	objectificar	VMSI2P05
objectifiquéssim	objectificar	VMSI1P02
objectifiquéssiu	objectificar	VMSI2P02
objectifiquí	objectificar	VMIS1S00
occitanoromànic	occitanoromànic	AQ0MS0
occitanoromànica	occitanoromànic	AQ0FS0
occitanoromànics	occitanoromànic	AQ0MP0
occitanoromàniques	occitanoromànic	AQ0FP0
octubrisme	octubrisme	NCMS000
oolong	oolong	NCMS000
paleopropitècid	paleopropitècid	NCMS000
paleopropitècids	paleopropitècid	NCMP000
panela	panela	NCFS000
panglossiana	panglossià	AQ0FS0
panglossianes	panglossià	AQ0FP0
panglossians	panglossià	AQ0MP0
panglossià	panglossià	AQ0MS0
paraciència	paraciència	NCFS000
paraciències	paraciència	NCFP000
paradoxornítid	paradoxornítid	NCMS000
paradoxornítids	paradoxornítid	NCMP000
parlamentarista	parlamentarista	AQ0CS0
parlamentaristes	parlamentarista	AQ0CP0
paucituberculat	paucituberculat	NCMS000
paucituberculats	paucituberculat	NCMP000
pedagogisme	pedagogisme	NCMS000
pedagogismes	pedagogisme	NCMP000
pedagogista	pedagogista	AQ0CS0
pedagogistes	pedagogista	AQ0CP0
pedètid	pedètid	NCMS000
pedètids	pedètid	NCMP000
peramelemorf	peramelemorf	NCMS000
peramelemorfs	peramelemorf	NCMP000
perennialista	perennialista	AQ0CS0
perennialistes	perennialista	AQ0CP0
perfilacions	perfilació	NCFP000
perfilació	perfilació	NCFS000
petromonarquia	petromonarquia	NCFS000
petromonarquies	petromonarquia	NCFP000
petromúrid	petromúrid	NCMS000
petromúrids	petromúrid	NCMP000
pigouviana	pigouvià	AQ0FS0
pigouvianes	pigouvià	AQ0FP0
pigouvians	pigouvià	AQ0MP0
pigouvià	pigouvià	AQ0MS0
pigoviana	pigovià	AQ0FS0
pigovianes	pigovià	AQ0FP0
pigovians	pigovià	AQ0MP0
pigovià	pigovià	AQ0MS0
pitècid	pitècid	NCMS000
pitècids	pitècid	NCMP000
platacantòmid	platacantòmid	NCMS000
platacantòmids	platacantòmid	NCMP000
poliglutàmic	poliglutàmic	AQ0MS0
poliglutàmica	poliglutàmic	AQ0FS0
poliglutàmics	poliglutàmic	AQ0MP0
poliglutàmiques	poliglutàmic	AQ0FP0
polirítmic	polirítmic	AQ0MS0
polirítmica	polirítmic	AQ0FS0
polirítmics	polirítmic	AQ0MP0
polirítmiques	polirítmic	AQ0FP0
pontopòrid	pontopòrid	NCMS000
pontopòrids	pontopòrid	NCMP000
postadolescència	postadolescència	NCFS000
postadolescències	postadolescència	NCFP000
postideologia	postideologia	NCFS000
postideologies	postideologia	NCFP000
postideològic	postideològic	AQ0MS0
postideològica	postideològic	AQ0FS0
postideològics	postideològic	AQ0MP0
postideològiques	postideològic	AQ0FP0
potamogàlid	potamogàlid	NCMS000
potamogàlids	potamogàlid	NCMP000
potoroid	potoroid	NCMS000
potoroids	potoroid	NCMP000
primordialista	primordialista	AQ0CS0
primordialistes	primordialista	AQ0CP0
prionodòntid	prionodòntid	NCMS000
prionodòntids	prionodòntid	NCMP000
proiraniana	proiranià	AQ0FS0
proiranianes	proiranià	AQ0FP0
proiranians	proiranià	AQ0MP0
proiranià	proiranià	AQ0MS0
proiraquiana	proiraquià	AQ0FS0
proiraquianes	proiraquià	AQ0FP0
proiraquians	proiraquià	AQ0MP0
proiraquià	proiraquià	AQ0MS0
projectacions	projectació	NCFP000
projectació	projectació	NCFS000
prokurd	prokurd	AQ0MS0
prokurda	prokurd	AQ0FS0
prokurdes	prokurd	AQ0FP0
prokurds	prokurd	AQ0MP0
prolàgid	prolàgid	NCMS000
prolàgids	prolàgid	NCMP000
pronatalista	pronatalista	AQ0CS0
pronatalistes	pronatalista	AQ0CP0
prosaudita	prosaudita	AQ0CS0
prosaudites	prosaudita	AQ0CP0
prosiriana	prosirià	AQ0FS0
prosirianes	prosirià	AQ0FP0
prosirians	prosirià	AQ0MP0
prosirià	prosirià	AQ0MS0
protonazi	protonazi	AQ0CS0
protonazis	protonazi	AQ0CP0
pseudoquírid	pseudoquírid	NCMS000
pseudoquírids	pseudoquírid	NCMP000
psitacúlid	psitacúlid	NCMS000
psitacúlids	psitacúlid	NCMP000
pteropòdid	pteropòdid	NCMS000
pteropòdids	pteropòdid	NCMP000
ptilocèrcid	ptilocèrcid	NCMS000
ptilocèrcids	ptilocèrcid	NCMP000
puntCAT	puntCAT	NPFSO00
qualques	qualque	DI0CP0
queropòdid	queropòdid	NCMS000
queropòdids	queropòdid	NCMP000
quirogaleid	quirogaleid	NCMS000
quirogaleids	quirogaleid	NCMP000
quoca	quoca	NCMS000
quoques	quoca	NCMP000
reactivador	reactivador	AQ0MS0
reactivadora	reactivador	AQ0FS0
reactivadores	reactivador	AQ0FP0
reactivadors	reactivador	AQ0MP0
rebotege	rebotejar	VMIP1S0V
rebotege	rebotejar	VMM03S0V
rebotege	rebotejar	VMSP1S0V
rebotege	rebotejar	VMSP3S0V
rebotegem	rebotejar	VMIP1P00
rebotegem	rebotejar	VMM01P00
rebotegem	rebotejar	VMSP1P00
rebotegen	rebotejar	VMIP3P00
rebotegen	rebotejar	VMM03P0V
rebotegen	rebotejar	VMSP3P0V
reboteges	rebotejar	VMIP2S00
reboteges	rebotejar	VMSP2S0V
rebotegessen	rebotejar	VMSI3P05
rebotegesses	rebotejar	VMSI2S05
rebotegessin	rebotejar	VMSI3P02
rebotegessis	rebotejar	VMSI2S02
rebotegeu	rebotejar	VMIP2P00
rebotegeu	rebotejar	VMM02P0X
rebotegeu	rebotejar	VMSP2P00
rebotegi	rebotejar	VMM03S0Y
rebotegi	rebotejar	VMSP1S0Y
rebotegi	rebotejar	VMSP3S0Y
rebotegin	rebotejar	VMM03P0Y
rebotegin	rebotejar	VMSP3P0Y
rebotegis	rebotejar	VMSP2S0Y
rebotegés	rebotejar	VMSI1S01
rebotegés	rebotejar	VMSI3S01
rebotegéssem	rebotejar	VMSI1P05
rebotegésseu	rebotejar	VMSI2P05
rebotegéssim	rebotejar	VMSI1P02
rebotegéssiu	rebotejar	VMSI2P02
rebotegí	rebotejar	VMIS1S00
reboteig	rebotejar	VMIP1S0B
reboteja	rebotejar	VMIP3S00
reboteja	rebotejar	VMM02S00
rebotejada	rebotejar	VMP00SF0
rebotejades	rebotejar	VMP00PF0
rebotejador	rebotejador	AQ0MS0
rebotejador	rebotejador	NCMS000
rebotejadora	rebotejador	AQ0FS0
rebotejadora	rebotejador	NCFS000
rebotejadores	rebotejador	AQ0FP0
rebotejadores	rebotejador	NCFP000
rebotejadors	rebotejador	AQ0MP0
rebotejadors	rebotejador	NCMP000
rebotejam	rebotejar	VMIP1P0B
rebotejant	rebotejar	VMG00000
rebotejar	rebotejar	VMN00000
rebotejara	rebotejar	VMSI1S03
rebotejara	rebotejar	VMSI3S03
rebotejaran	rebotejar	VMIF3P00
rebotejarem	rebotejar	VMIF1P00
rebotejaren	rebotejar	VMIS3P00
rebotejaren	rebotejar	VMSI3P03
rebotejares	rebotejar	VMIS2S00
rebotejares	rebotejar	VMSI2S03
rebotejareu	rebotejar	VMIF2P00
rebotejaria	rebotejar	VMIC1S00
rebotejaria	rebotejar	VMIC3S00
rebotejarien	rebotejar	VMIC3P00
rebotejaries	rebotejar	VMIC2S00
rebotejarà	rebotejar	VMIF3S00
rebotejaràs	rebotejar	VMIF2S00
rebotejaré	rebotejar	VMIF1S00
rebotejaríem	rebotejar	VMIC1P00
rebotejaríeu	rebotejar	VMIC2P00
rebotejassen	rebotejar	VMSI3P06
rebotejasses	rebotejar	VMSI2S06
rebotejassin	rebotejar	VMSI3P04
rebotejassis	rebotejar	VMSI2S04
rebotejat	rebotejar	VMP00SM0
rebotejats	rebotejar	VMP00PM0
rebotejau	rebotejar	VMIP2P0B
rebotejau	rebotejar	VMM02P0B
rebotejava	rebotejar	VMII1S00
rebotejava	rebotejar	VMII3S00
rebotejaven	rebotejar	VMII3P00
rebotejaves	rebotejar	VMII2S00
rebotejo	rebotejar	VMIP1S0C
rebotejà	rebotejar	VMIS3S00
rebotejàrem	rebotejar	VMIS1P00
rebotejàrem	rebotejar	VMSI1P03
rebotejàreu	rebotejar	VMIS2P00
rebotejàreu	rebotejar	VMSI2P03
rebotejàs	rebotejar	VMSI1S07
rebotejàs	rebotejar	VMSI3S07
rebotejàssem	rebotejar	VMSI1P06
rebotejàsseu	rebotejar	VMSI2P06
rebotejàssim	rebotejar	VMSI1P04
rebotejàssiu	rebotejar	VMSI2P04
rebotejàvem	rebotejar	VMII1P00
rebotejàveu	rebotejar	VMII2P00
refuncionalitz	refuncionalitzar	VMIP1S0B
refuncionalitza	refuncionalitzar	VMIP3S00
refuncionalitza	refuncionalitzar	VMM02S00
refuncionalitzacions	refuncionalització	NCFP000
refuncionalització	refuncionalització	NCFS000
refuncionalitzada	refuncionalitzar	VMP00SF0
refuncionalitzades	refuncionalitzar	VMP00PF0
refuncionalitzam	refuncionalitzar	VMIP1P0B
refuncionalitzant	refuncionalitzar	VMG00000
refuncionalitzar	refuncionalitzar	VMN00000
refuncionalitzara	refuncionalitzar	VMSI1S03
refuncionalitzara	refuncionalitzar	VMSI3S03
refuncionalitzaran	refuncionalitzar	VMIF3P00
refuncionalitzarem	refuncionalitzar	VMIF1P00
refuncionalitzaren	refuncionalitzar	VMIS3P00
refuncionalitzaren	refuncionalitzar	VMSI3P03
refuncionalitzares	refuncionalitzar	VMIS2S00
refuncionalitzares	refuncionalitzar	VMSI2S03
refuncionalitzareu	refuncionalitzar	VMIF2P00
refuncionalitzaria	refuncionalitzar	VMIC1S00
refuncionalitzaria	refuncionalitzar	VMIC3S00
refuncionalitzarien	refuncionalitzar	VMIC3P00
refuncionalitzaries	refuncionalitzar	VMIC2S00
refuncionalitzarà	refuncionalitzar	VMIF3S00
refuncionalitzaràs	refuncionalitzar	VMIF2S00
refuncionalitzaré	refuncionalitzar	VMIF1S00
refuncionalitzaríem	refuncionalitzar	VMIC1P00
refuncionalitzaríeu	refuncionalitzar	VMIC2P00
refuncionalitzassen	refuncionalitzar	VMSI3P06
refuncionalitzasses	refuncionalitzar	VMSI2S06
refuncionalitzassin	refuncionalitzar	VMSI3P04
refuncionalitzassis	refuncionalitzar	VMSI2S04
refuncionalitzat	refuncionalitzar	VMP00SM0
refuncionalitzats	refuncionalitzar	VMP00PM0
refuncionalitzau	refuncionalitzar	VMIP2P0B
refuncionalitzau	refuncionalitzar	VMM02P0B
refuncionalitzava	refuncionalitzar	VMII1S00
refuncionalitzava	refuncionalitzar	VMII3S00
refuncionalitzaven	refuncionalitzar	VMII3P00
refuncionalitzaves	refuncionalitzar	VMII2S00
refuncionalitze	refuncionalitzar	VMIP1S0V
refuncionalitze	refuncionalitzar	VMM03S0V
refuncionalitze	refuncionalitzar	VMSP1S0V
refuncionalitze	refuncionalitzar	VMSP3S0V
refuncionalitzem	refuncionalitzar	VMIP1P00
refuncionalitzem	refuncionalitzar	VMM01P00
refuncionalitzem	refuncionalitzar	VMSP1P00
refuncionalitzen	refuncionalitzar	VMIP3P00
refuncionalitzen	refuncionalitzar	VMM03P0V
refuncionalitzen	refuncionalitzar	VMSP3P0V
refuncionalitzes	refuncionalitzar	VMIP2S00
refuncionalitzes	refuncionalitzar	VMSP2S0V
refuncionalitzessen	refuncionalitzar	VMSI3P05
refuncionalitzesses	refuncionalitzar	VMSI2S05
refuncionalitzessin	refuncionalitzar	VMSI3P02
refuncionalitzessis	refuncionalitzar	VMSI2S02
refuncionalitzeu	refuncionalitzar	VMIP2P00
refuncionalitzeu	refuncionalitzar	VMM02P0X
refuncionalitzeu	refuncionalitzar	VMSP2P00
refuncionalitzi	refuncionalitzar	VMM03S0Y
refuncionalitzi	refuncionalitzar	VMSP1S0Y
refuncionalitzi	refuncionalitzar	VMSP3S0Y
refuncionalitzin	refuncionalitzar	VMM03P0Y
refuncionalitzin	refuncionalitzar	VMSP3P0Y
refuncionalitzis	refuncionalitzar	VMSP2S0Y
refuncionalitzo	refuncionalitzar	VMIP1S0C
refuncionalitzà	refuncionalitzar	VMIS3S00
refuncionalitzàrem	refuncionalitzar	VMIS1P00
refuncionalitzàrem	refuncionalitzar	VMSI1P03
refuncionalitzàreu	refuncionalitzar	VMIS2P00
refuncionalitzàreu	refuncionalitzar	VMSI2P03
refuncionalitzàs	refuncionalitzar	VMSI1S07
refuncionalitzàs	refuncionalitzar	VMSI3S07
refuncionalitzàssem	refuncionalitzar	VMSI1P06
refuncionalitzàsseu	refuncionalitzar	VMSI2P06
refuncionalitzàssim	refuncionalitzar	VMSI1P04
refuncionalitzàssiu	refuncionalitzar	VMSI2P04
refuncionalitzàvem	refuncionalitzar	VMII1P00
refuncionalitzàveu	refuncionalitzar	VMII2P00
refuncionalitzés	refuncionalitzar	VMSI1S01
refuncionalitzés	refuncionalitzar	VMSI3S01
refuncionalitzéssem	refuncionalitzar	VMSI1P05
refuncionalitzésseu	refuncionalitzar	VMSI2P05
refuncionalitzéssim	refuncionalitzar	VMSI1P02
refuncionalitzéssiu	refuncionalitzar	VMSI2P02
refuncionalitzí	refuncionalitzar	VMIS1S00
renacionalitzador	renacionalitzador	AQ0MS0
renacionalitzadora	renacionalitzador	AQ0FS0
renacionalitzadores	renacionalitzador	AQ0FP0
renacionalitzadors	renacionalitzador	AQ0MP0
rinonictèrid	rinonictèrid	NCMS000
rinonictèrids	rinonictèrid	NCMP000
rinopomàtid	rinopomàtid	NCMS000
rinopomàtids	rinopomàtid	NCMP000
rotet	rotet	NCMS000
rotets	rotet	NCMP000
seixantisme	seixantisme	NCMS000
seixantista	seixantista	AQ0CS0
seixantistes	seixantista	AQ0CP0
semiautobiogràfic	semiautobiogràfic	AQ0MS0
semiautobiogràfica	semiautobiogràfic	AQ0FS0
semiautobiogràfics	semiautobiogràfic	AQ0MP0
semiautobiogràfiques	semiautobiogràfic	AQ0FP0
semibiogràfic	semibiogràfic	AQ0MS0
semibiogràfica	semibiogràfic	AQ0FS0
semibiogràfics	semibiogràfic	AQ0MP0
semibiogràfiques	semibiogràfic	AQ0FP0
semicolonial	semicolonial	AQ0CS0
semicolonials	semicolonial	AQ0CP0
semifermentada	semifermentat	AQ0FS0
semifermentades	semifermentat	AQ0FP0
semifermentat	semifermentat	AQ0MS0
semifermentats	semifermentat	AQ0MP0
semiindependent	semiindependent	AQ0CS0
semiindependents	semiindependent	AQ0CP0
semireverencial	semireverencial	AQ0CS0
semireverencials	semireverencial	AQ0CP0
semirural	semirural	AQ0CS0
semirurals	semirural	AQ0CP0
sensacionalitz	sensacionalitzar	VMIP1S0B
sensacionalitza	sensacionalitzar	VMIP3S00
sensacionalitza	sensacionalitzar	VMM02S00
sensacionalitzacions	sensacionalització	NCFP000
sensacionalització	sensacionalització	NCFS000
sensacionalitzada	sensacionalitzar	VMP00SF0
sensacionalitzades	sensacionalitzar	VMP00PF0
sensacionalitzam	sensacionalitzar	VMIP1P0B
sensacionalitzant	sensacionalitzar	VMG00000
sensacionalitzar	sensacionalitzar	VMN00000
sensacionalitzara	sensacionalitzar	VMSI1S03
sensacionalitzara	sensacionalitzar	VMSI3S03
sensacionalitzaran	sensacionalitzar	VMIF3P00
sensacionalitzarem	sensacionalitzar	VMIF1P00
sensacionalitzaren	sensacionalitzar	VMIS3P00
sensacionalitzaren	sensacionalitzar	VMSI3P03
sensacionalitzares	sensacionalitzar	VMIS2S00
sensacionalitzares	sensacionalitzar	VMSI2S03
sensacionalitzareu	sensacionalitzar	VMIF2P00
sensacionalitzaria	sensacionalitzar	VMIC1S00
sensacionalitzaria	sensacionalitzar	VMIC3S00
sensacionalitzarien	sensacionalitzar	VMIC3P00
sensacionalitzaries	sensacionalitzar	VMIC2S00
sensacionalitzarà	sensacionalitzar	VMIF3S00
sensacionalitzaràs	sensacionalitzar	VMIF2S00
sensacionalitzaré	sensacionalitzar	VMIF1S00
sensacionalitzaríem	sensacionalitzar	VMIC1P00
sensacionalitzaríeu	sensacionalitzar	VMIC2P00
sensacionalitzassen	sensacionalitzar	VMSI3P06
sensacionalitzasses	sensacionalitzar	VMSI2S06
sensacionalitzassin	sensacionalitzar	VMSI3P04
sensacionalitzassis	sensacionalitzar	VMSI2S04
sensacionalitzat	sensacionalitzar	VMP00SM0
sensacionalitzats	sensacionalitzar	VMP00PM0
sensacionalitzau	sensacionalitzar	VMIP2P0B
sensacionalitzau	sensacionalitzar	VMM02P0B
sensacionalitzava	sensacionalitzar	VMII1S00
sensacionalitzava	sensacionalitzar	VMII3S00
sensacionalitzaven	sensacionalitzar	VMII3P00
sensacionalitzaves	sensacionalitzar	VMII2S00
sensacionalitze	sensacionalitzar	VMIP1S0V
sensacionalitze	sensacionalitzar	VMM03S0V
sensacionalitze	sensacionalitzar	VMSP1S0V
sensacionalitze	sensacionalitzar	VMSP3S0V
sensacionalitzem	sensacionalitzar	VMIP1P00
sensacionalitzem	sensacionalitzar	VMM01P00
sensacionalitzem	sensacionalitzar	VMSP1P00
sensacionalitzen	sensacionalitzar	VMIP3P00
sensacionalitzen	sensacionalitzar	VMM03P0V
sensacionalitzen	sensacionalitzar	VMSP3P0V
sensacionalitzes	sensacionalitzar	VMIP2S00
sensacionalitzes	sensacionalitzar	VMSP2S0V
sensacionalitzessen	sensacionalitzar	VMSI3P05
sensacionalitzesses	sensacionalitzar	VMSI2S05
sensacionalitzessin	sensacionalitzar	VMSI3P02
sensacionalitzessis	sensacionalitzar	VMSI2S02
sensacionalitzeu	sensacionalitzar	VMIP2P00
sensacionalitzeu	sensacionalitzar	VMM02P0X
sensacionalitzeu	sensacionalitzar	VMSP2P00
sensacionalitzi	sensacionalitzar	VMM03S0Y
sensacionalitzi	sensacionalitzar	VMSP1S0Y
sensacionalitzi	sensacionalitzar	VMSP3S0Y
sensacionalitzin	sensacionalitzar	VMM03P0Y
sensacionalitzin	sensacionalitzar	VMSP3P0Y
sensacionalitzis	sensacionalitzar	VMSP2S0Y
sensacionalitzo	sensacionalitzar	VMIP1S0C
sensacionalitzà	sensacionalitzar	VMIS3S00
sensacionalitzàrem	sensacionalitzar	VMIS1P00
sensacionalitzàrem	sensacionalitzar	VMSI1P03
sensacionalitzàreu	sensacionalitzar	VMIS2P00
sensacionalitzàreu	sensacionalitzar	VMSI2P03
sensacionalitzàs	sensacionalitzar	VMSI1S07
sensacionalitzàs	sensacionalitzar	VMSI3S07
sensacionalitzàssem	sensacionalitzar	VMSI1P06
sensacionalitzàsseu	sensacionalitzar	VMSI2P06
sensacionalitzàssim	sensacionalitzar	VMSI1P04
sensacionalitzàssiu	sensacionalitzar	VMSI2P04
sensacionalitzàvem	sensacionalitzar	VMII1P00
sensacionalitzàveu	sensacionalitzar	VMII2P00
sensacionalitzés	sensacionalitzar	VMSI1S01
sensacionalitzés	sensacionalitzar	VMSI3S01
sensacionalitzéssem	sensacionalitzar	VMSI1P05
sensacionalitzésseu	sensacionalitzar	VMSI2P05
sensacionalitzéssim	sensacionalitzar	VMSI1P02
sensacionalitzéssiu	sensacionalitzar	VMSI2P02
sensacionalitzí	sensacionalitzar	VMIS1S00
sincronicitat	sincronicitat	NCFS000
sincronicitats	sincronicitat	NCFP000
skater	skater	NCCS000
skaters	skater	NCCP000
sobrereaccion	sobrereaccionar	VMIP1S0B
sobrereacciona	sobrereaccionar	VMIP3S00
sobrereacciona	sobrereaccionar	VMM02S00
sobrereaccionada	sobrereaccionar	VMP00SF0
sobrereaccionades	sobrereaccionar	VMP00PF0
sobrereaccionam	sobrereaccionar	VMIP1P0B
sobrereaccionant	sobrereaccionar	VMG00000
sobrereaccionar	sobrereaccionar	VMN00000
sobrereaccionara	sobrereaccionar	VMSI1S03
sobrereaccionara	sobrereaccionar	VMSI3S03
sobrereaccionaran	sobrereaccionar	VMIF3P00
sobrereaccionarem	sobrereaccionar	VMIF1P00
sobrereaccionaren	sobrereaccionar	VMIS3P00
sobrereaccionaren	sobrereaccionar	VMSI3P03
sobrereaccionares	sobrereaccionar	VMIS2S00
sobrereaccionares	sobrereaccionar	VMSI2S03
sobrereaccionareu	sobrereaccionar	VMIF2P00
sobrereaccionaria	sobrereaccionar	VMIC1S00
sobrereaccionaria	sobrereaccionar	VMIC3S00
sobrereaccionarien	sobrereaccionar	VMIC3P00
sobrereaccionaries	sobrereaccionar	VMIC2S00
sobrereaccionarà	sobrereaccionar	VMIF3S00
sobrereaccionaràs	sobrereaccionar	VMIF2S00
sobrereaccionaré	sobrereaccionar	VMIF1S00
sobrereaccionaríem	sobrereaccionar	VMIC1P00
sobrereaccionaríeu	sobrereaccionar	VMIC2P00
sobrereaccionassen	sobrereaccionar	VMSI3P06
sobrereaccionasses	sobrereaccionar	VMSI2S06
sobrereaccionassin	sobrereaccionar	VMSI3P04
sobrereaccionassis	sobrereaccionar	VMSI2S04
sobrereaccionat	sobrereaccionar	VMP00SM0
sobrereaccionats	sobrereaccionar	VMP00PM0
sobrereaccionau	sobrereaccionar	VMIP2P0B
sobrereaccionau	sobrereaccionar	VMM02P0B
sobrereaccionava	sobrereaccionar	VMII1S00
sobrereaccionava	sobrereaccionar	VMII3S00
sobrereaccionaven	sobrereaccionar	VMII3P00
sobrereaccionaves	sobrereaccionar	VMII2S00
sobrereaccione	sobrereaccionar	VMIP1S0V
sobrereaccione	sobrereaccionar	VMM03S0V
sobrereaccione	sobrereaccionar	VMSP1S0V
sobrereaccione	sobrereaccionar	VMSP3S0V
sobrereaccionem	sobrereaccionar	VMIP1P00
sobrereaccionem	sobrereaccionar	VMM01P00
sobrereaccionem	sobrereaccionar	VMSP1P00
sobrereaccionen	sobrereaccionar	VMIP3P00
sobrereaccionen	sobrereaccionar	VMM03P0V
sobrereaccionen	sobrereaccionar	VMSP3P0V
sobrereacciones	sobrereaccionar	VMIP2S00
sobrereacciones	sobrereaccionar	VMSP2S0V
sobrereaccionessen	sobrereaccionar	VMSI3P05
sobrereaccionesses	sobrereaccionar	VMSI2S05
sobrereaccionessin	sobrereaccionar	VMSI3P02
sobrereaccionessis	sobrereaccionar	VMSI2S02
sobrereaccioneu	sobrereaccionar	VMIP2P00
sobrereaccioneu	sobrereaccionar	VMM02P0X
sobrereaccioneu	sobrereaccionar	VMSP2P00
sobrereaccioni	sobrereaccionar	VMM03S0Y
sobrereaccioni	sobrereaccionar	VMSP1S0Y
sobrereaccioni	sobrereaccionar	VMSP3S0Y
sobrereaccionin	sobrereaccionar	VMM03P0Y
sobrereaccionin	sobrereaccionar	VMSP3P0Y
sobrereaccionis	sobrereaccionar	VMSP2S0Y
sobrereacciono	sobrereaccionar	VMIP1S0C
sobrereaccions	sobrereacció	NCFP000
sobrereaccionà	sobrereaccionar	VMIS3S00
sobrereaccionàrem	sobrereaccionar	VMIS1P00
sobrereaccionàrem	sobrereaccionar	VMSI1P03
sobrereaccionàreu	sobrereaccionar	VMIS2P00
sobrereaccionàreu	sobrereaccionar	VMSI2P03
sobrereaccionàs	sobrereaccionar	VMSI1S07
sobrereaccionàs	sobrereaccionar	VMSI3S07
sobrereaccionàssem	sobrereaccionar	VMSI1P06
sobrereaccionàsseu	sobrereaccionar	VMSI2P06
sobrereaccionàssim	sobrereaccionar	VMSI1P04
sobrereaccionàssiu	sobrereaccionar	VMSI2P04
sobrereaccionàvem	sobrereaccionar	VMII1P00
sobrereaccionàveu	sobrereaccionar	VMII2P00
sobrereaccionés	sobrereaccionar	VMSI1S01
sobrereaccionés	sobrereaccionar	VMSI3S01
sobrereaccionéssem	sobrereaccionar	VMSI1P05
sobrereaccionésseu	sobrereaccionar	VMSI2P05
sobrereaccionéssim	sobrereaccionar	VMSI1P02
sobrereaccionéssiu	sobrereaccionar	VMSI2P02
sobrereaccioní	sobrereaccionar	VMIS1S00
sobrereacció	sobrereacció	NCFS000
sobrerepresentacions	sobrerepresentació	NCFP000
sobrerepresentació	sobrerepresentació	NCFS000
subesmena	subesmena	NCFS000
subesmenes	subesmena	NCFP000
sucatinters	sucatinters	NCCN000
superreforçada	superreforçat	AQ0FS0
superreforçades	superreforçat	AQ0FP0
superreforçat	superreforçat	AQ0MS0
superreforçats	superreforçat	AQ0MP0
superterra	superterra	NCFS000
superterres	superterra	NCFP000
tablet	tablet	NCFS000
tablets	tablet	NCFP000
tabulé	tabulé	NCMS000
tabulés	tabulé	NCMP000
taiassuid	taiassuid	NCMS000
taiassuids	taiassuid	NCMP000
tarsipèdid	tarsipèdid	NCMS000
tarsipèdids	tarsipèdid	NCMP000
teleco	teleco	NCCS000
telecos	teleco	NCCP000
temporadeta	temporadeta	NCFS000
temporadetes	temporadeta	NCFP000
tetrapèptid	tetrapèptid	NCMS000
tetrapèptids	tetrapèptid	NCMP000
tilacínid	tilacínid	NCMS000
tilacínids	tilacínid	NCMP000
tilacòmid	tilacòmid	NCMS000
tilacòmids	tilacòmid	NCMP000
tiroptèrid	tiroptèrid	NCMS000
tiroptèrids	tiroptèrid	NCMP000
tirosinasa	tirosinasa	NCFS000
titafluixa	titafluixa	NCMS000
titafluixes	titafluixa	NCMP000
titafreda	titafreda	NCMS000
titafredes	titafreda	NCMP000
titaina	titaina	NCFS000
titaines	titaina	NCFP000
torronet	torronet	NCMS000
torronets	torronet	NCMP000
transvaloracions	transvaloració	NCFP000
transvaloració	transvaloració	NCFS000
trionòmid	trionòmid	NCMS000
trionòmids	trionòmid	NCMP000
turbocapitalisme	turbocapitalisme	NCMS000
turbocapitalismes	turbocapitalisme	NCMP000
ultracodificada	ultracodificat	AQ0FS0
ultracodificades	ultracodificat	AQ0FP0
ultracodificat	ultracodificat	AQ0MS0
ultracodificats	ultracodificat	AQ0MP0
ultraelaborada	ultraelaborat	AQ0FS0
ultraelaborades	ultraelaborat	AQ0FP0
ultraelaborat	ultraelaborat	AQ0MS0
ultraelaborats	ultraelaborat	AQ0MP0
ultrapuritana	ultrapurità	AQ0FS0
ultrapuritanes	ultrapurità	AQ0FP0
ultrapuritans	ultrapurità	AQ0MP0
ultrapurità	ultrapurità	AQ0MS0
ultratòxic	ultratòxic	AQ0MS0
ultratòxica	ultratòxic	AQ0FS0
ultratòxics	ultratòxic	AQ0MP0
ultratòxiques	ultratòxic	AQ0FP0
undimotriu	undimotriu	AQ0FS0
undimotrius	undimotriu	AQ0FP0
valencianocèntric	valencianocèntric	AQ0MS0
valencianocèntrica	valencianocèntric	AQ0FS0
valencianocèntrics	valencianocèntric	AQ0MP0
valencianocèntriques	valencianocèntric	AQ0FP0
valencianor	valencianor	NCFS000
valencianors	valencianor	NCFP000
vendetta	vendetta	NCFS000
vendettes	vendetta	NCFP000
vombàtid	vombàtid	NCMS000
vombàtids	vombàtid	NCMP000
zapòdid	zapòdid	NCMS000
zapòdids	zapòdid	NCMP000
zenquerèl·lid	zenquerèl·lid	NCMS000
zenquerèl·lids	zenquerèl·lid	NCMP000
Àqaba	Àqaba	NPCSG00
ínid	ínid	NCMS000
ínids	ínid	NCMP000
